device_uptime_ms,raw_ir,raw_red,avg_ir,avg_red,detrended_ir,filtered_ir,beat_marker,bpm,contact_present,detector_filtered_ir,signal_amplitude
382610,253949,210108,253985,210206,-151.08,265.33,0.00,69.57,1,207.44,123.86
382650,253781,210019,253977,210200,-261.64,-483.78,0.00,69.57,1,167.71,123.86
382690,253709,209980,253968,210192,-273.58,-1099.59,0.00,69.57,1,116.00,123.86
382730,253687,209958,253963,210184,-242.38,-1497.55,0.00,69.57,1,59.83,123.86
382770,253604,209879,253960,210174,-266.81,-1872.48,0.00,69.57,1,2.31,123.86
382810,253580,209829,253954,210160,-238.47,-2090.09,0.00,69.57,1,-49.44,123.86
382850,253548,209799,253944,210144,-221.78,-2215.77,0.00,69.57,1,-94.43,123.86
382890,253525,209759,253932,210127,-200.72,-2258.20,0.00,69.57,1,-133.71,123.86
382930,253451,209709,253915,210109,-225.27,-2356.10,0.00,69.57,1,-167.76,123.86
382970,253388,209665,253896,210089,-236.38,-2461.79,0.00,69.57,1,-198.98,123.86
383010,253386,209664,253878,210069,-195.47,-2436.23,0.00,69.57,1,-226.37,123.86
383050,253382,209658,253859,210049,-163.56,-2332.06,0.00,69.57,1,-249.70,123.86
383090,253382,209647,253837,210026,-134.12,-2173.10,0.00,69.57,1,-266.56,123.86
383130,253372,209630,253814,210003,-118.19,-2007.03,0.00,69.57,1,-276.10,123.86
383170,253367,209623,253790,209980,-101.02,-1832.17,0.00,69.57,1,-280.11,123.86
383210,253375,209621,253763,209955,-76.27,-1630.43,0.00,69.57,1,-279.39,123.86
383250,253317,209614,253731,209929,-110.09,-1562.38,0.00,69.57,1,-277.51,123.86
383290,253323,209614,253699,209904,-85.36,-1444.01,0.00,69.57,1,-274.13,123.86
383330,253268,209603,253663,209877,-115.09,-1430.17,0.00,69.57,1,-271.73,123.86
383370,253103,209577,253620,209850,-229.67,-1721.87,1000.00,69.97,1,-277.27,8.38
383410,252956,209566,253570,209821,-308.88,-2158.49,0.00,69.97,1,-292.40,8.38
383450,252875,209550,253514,209792,-319.70,-2527.64,0.00,69.97,1,-318.15,8.38
383490,252873,209555,253457,209762,-263.80,-2667.98,0.00,69.97,1,-349.35,8.38
383530,252896,209549,253406,209734,-197.45,-2602.30,0.00,69.97,1,-376.42,8.38
383570,252962,209557,253362,209709,-107.80,-2314.38,0.00,69.97,1,-391.18,8.38
383610,253023,209562,253325,209687,-38.38,-1906.53,0.00,69.97,1,-390.55,8.38
383650,253048,209563,253296,209669,-10.97,-1516.05,0.00,69.97,1,-377.21,8.38
383690,253050,209580,253269,209653,-7.36,-1201.95,0.00,69.97,1,-355.34,8.38
383730,253058,209573,253244,209637,0.53,-936.12,0.00,69.97,1,-329.74,8.38
383770,253061,209563,253222,209625,2.89,-722.54,0.00,69.97,1,-304.11,8.38
383810,253099,209560,253203,209614,33.53,-475.06,0.00,69.97,1,-278.29,8.38
383850,253132,209544,253186,209604,54.56,-226.50,0.00,69.97,1,-251.41,8.38
383890,253160,209557,253172,209596,67.70,2.07,0.00,69.97,1,-223.28,8.38
383930,253161,209552,253160,209589,56.34,150.36,0.00,69.97,1,-194.71,8.38
383970,253163,209575,253151,209586,47.84,243.59,0.00,69.97,1,-167.70,8.38
384010,253192,209578,253143,209582,63.02,356.36,0.00,69.97,1,-142.43,8.38
384050,253189,209573,253136,209579,49.22,407.90,0.00,69.97,1,-120.11,8.38
384090,253208,209555,253129,209575,55.94,465.84,0.00,69.97,1,-99.59,8.38
384130,253260,209565,253124,209573,88.52,597.03,0.00,69.97,1,-78.67,8.38
384170,253287,209558,253121,209570,94.72,715.74,0.00,69.97,1,-57.82,8.38
384210,253332,209573,253119,209568,114.56,860.72,0.00,69.97,1,-35.33,8.38
384250,253228,209560,253116,209566,8.66,694.22,0.00,69.97,1,-17.04,8.38
384290,253083,209537,253106,209563,-111.80,246.35,0.00,69.97,1,-10.32,8.38
384330,252901,209511,253092,209559,-240.91,-443.84,1000.00,68.18,1,-21.08,380.86
384370,252834,209490,253081,209556,-252.48,-1012.76,0.00,68.18,1,-49.51,380.86
384410,252835,209504,253076,209553,-206.22,-1334.37,0.00,68.18,1,-86.52,380.86
384450,252879,209512,253076,209552,-133.02,-1391.97,0.00,68.18,1,-121.64,380.86
384490,252928,209523,253078,209550,-68.89,-1267.61,0.00,68.18,1,-145.26,380.86
384530,252952,209539,253081,209550,-36.81,-1085.92,0.00,68.18,1,-156.10,380.86
384570,252939,209534,253080,209549,-40.84,-954.84,0.00,68.18,1,-157.73,380.86
384610,252942,209529,253076,209548,-31.03,-826.70,0.00,68.18,1,-154.08,380.86
384650,252950,209535,253072,209547,-18.89,-694.70,0.00,68.18,1,-148.20,380.86
384690,252987,209534,253070,209545,14.84,-502.68,0.00,68.18,1,-140.17,380.86
384720,253036,209545,253069,209544,52.36,-253.86,0.00,68.18,1,-128.09,380.86
384760,253085,209545,253070,209543,83.11,21.40,0.00,68.18,1,-111.20,380.86
384800,253157,209559,253072,209543,127.19,352.47,0.00,68.18,1,-88.30,380.86
384840,253281,209564,253078,209544,205.97,818.68,0.00,68.18,1,-57.57,380.86
384880,253383,209540,253087,209543,252.53,1305.25,0.00,68.18,1,-19.20,380.86
384920,253466,209520,253099,209542,275.14,1744.47,0.00,68.18,1,25.80,380.86
384960,253551,209519,253115,209540,295.31,2140.31,0.00,68.18,1,75.69,380.86
385000,253568,209492,253130,209536,256.09,2345.53,0.00,68.18,1,124.12,380.86
385040,253540,209460,253144,209532,187.03,2323.28,0.00,68.18,1,165.36,380.86
385080,253546,209459,253158,209528,158.28,2230.02,0.00,68.18,1,197.41,380.86
385120,253493,209441,253167,209523,86.33,1967.32,0.00,68.18,1,216.34,380.86
385160,253382,209417,253171,209517,-20.23,1481.09,0.00,68.18,1,219.81,380.86
385200,253300,209393,253169,209510,-83.83,933.94,1000.00,70.28,1,209.32,377.54
385240,253301,209387,253172,209503,-67.92,549.16,0.00,70.28,1,188.25,377.54
385280,253336,209380,253182,209497,-27.00,357.07,0.00,70.28,1,163.15,377.54
385320,253418,209388,253203,209492,45.09,397.56,0.00,70.28,1,143.35,377.54
385360,253466,209388,253228,209488,76.34,511.64,0.00,70.28,1,133.22,377.54
385400,253480,209389,253254,209483,74.08,594.65,0.00,70.28,1,131.08,377.54
385440,253481,209384,253278,209478,61.56,626.35,0.00,70.28,1,133.57,377.54
385480,253497,209379,253301,209472,63.59,656.44,0.00,70.28,1,136.80,377.54
385520,253531,209381,253324,209466,80.03,723.31,0.00,70.28,1,139.96,377.54
385560,253526,209379,253348,209460,61.53,726.62,0.00,70.28,1,142.23,377.54
385600,253598,209376,253374,209454,109.50,855.84,0.00,70.28,1,146.74,377.54
385640,253655,209378,253402,209447,136.53,1028.00,0.00,70.28,1,154.57,377.54
385680,253717,209387,253431,209442,162.80,1231.62,0.00,70.28,1,165.95,377.54
385720,253759,209371,253460,209435,167.94,1404.02,0.00,70.28,1,181.79,377.54
385760,253818,209368,253490,209427,186.09,1586.43,0.00,70.28,1,200.23,377.54
385800,253832,209367,253517,209420,164.08,1670.58,0.00,70.28,1,218.59,377.54
385840,253857,209351,253540,209411,155.05,1712.37,0.00,70.28,1,235.09,377.54
385880,253831,209332,253557,209403,105.81,1615.00,0.00,70.28,1,247.12,377.54
385920,253874,209338,253574,209396,122.03,1581.86,0.00,70.28,1,254.97,377.54
385960,253821,209300,253585,209387,56.61,1383.30,0.00,70.28,1,256.75,377.54
386000,253713,209281,253590,209378,-42.14,967.72,1000.00,71.22,1,248.44,125.68
386040,253535,209231,253590,209369,-180.52,278.26,0.00,71.22,1,226.34,125.68
386080,253431,209213,253586,209359,-233.30,-398.86,0.00,71.22,1,188.07,125.68
386120,253401,209212,253582,209350,-215.91,-881.10,0.00,71.22,1,139.10,125.68
386160,253422,209227,253584,209343,-159.83,-1109.21,0.00,71.22,1,88.11,125.68
386200,253475,209225,253591,209336,-87.59,-1096.43,0.00,71.22,1,45.89,125.68
386240,253519,209232,253599,209330,-35.75,-949.59,0.00,71.22,1,17.02,125.68
386280,253512,209233,253606,209324,-35.06,-833.25,0.00,71.22,1,-0.41,125.68
386320,253504,209208,253610,209317,-35.31,-743.16,0.00,71.22,1,-10.16,125.68
386360,253490,209191,253611,209309,-40.44,-686.42,0.00,71.22,1,-16.75,125.68
386400,253489,209183,253611,209301,-33.98,-625.13,0.00,71.22,1,-22.72,125.68
386440,253497,209173,253612,209292,-21.31,-543.86,0.00,71.22,1,-27.51,125.68
386480,253518,209174,253613,209284,-0.25,-424.87,0.00,71.22,1,-30.15,125.68
386520,253503,209164,253611,209275,-12.50,-364.40,0.00,71.22,1,-31.18,125.68
386560,253549,209164,253612,209267,27.47,-211.72,0.00,71.22,1,-29.01,125.68
386600,253583,209163,253612,209258,50.41,-32.07,0.00,71.22,1,-23.40,125.68
386640,253601,209157,253610,209249,56.09,123.08,0.00,71.22,1,-15.40,125.68
386680,253628,209155,253606,209240,68.14,275.89,0.00,71.22,1,-3.96,125.68
386720,253587,209138,253599,209231,22.25,273.93,0.00,71.22,1,6.30,125.68
386760,253608,209133,253591,209221,35.47,307.31,0.00,71.22,1,14.98,125.68
386800,253568,209119,253580,209211,-3.72,229.88,0.00,71.22,1,19.95,125.68
386840,253495,209087,253566,209201,-62.91,13.24,1000.00,70.38,1,17.90,51.12
386880,253360,209059,253547,209190,-162.28,-418.10,0.00,70.38,1,6.70,51.12
386920,253307,209045,253524,209178,-176.53,-792.16,0.00,70.38,1,-14.31,51.12
386960,253371,209069,253506,209169,-92.28,-861.51,0.00,70.38,1,-38.10,51.12
387000,253442,209069,253495,209160,-17.45,-718.05,0.00,70.38,1,-57.70,51.12
387040,253544,209093,253496,209155,69.33,-377.05,0.00,70.38,1,-64.04,51.12
387080,253592,209089,253502,209150,96.20,-40.13,0.00,70.38,1,-56.10,51.12
387120,253586,209083,253510,209145,73.97,163.98,0.00,70.38,1,-40.40,51.12
387160,253593,209081,253516,209139,66.39,303.18,0.00,70.38,1,-21.72,51.12
387200,253584,209068,253521,209133,47.06,360.72,0.00,70.38,1,-5.66,51.12
387240,253588,209043,253523,209125,41.88,391.91,0.00,70.38,1,6.37,51.12
387280,253581,209039,253526,209117,28.59,381.18,0.00,70.38,1,15.15,51.12
387320,253588,209026,253530,209110,29.19,374.38,0.00,70.38,1,21.34,51.12
387360,253555,209027,253532,209104,-3.12,283.76,0.00,70.38,1,24.51,51.12
387400,253559,209010,253535,209097,0.72,223.23,0.00,70.38,1,25.35,51.12
387440,253565,209008,253538,209090,5.52,188.68,1000.00,72.95,1,24.95,89.38
387480,253587,208989,253540,209083,22.56,206.74,0.00,72.95,1,24.25,89.38
387520,253560,208989,253543,209076,-3.64,151.64,0.00,72.95,1,23.58,89.38
387560,253522,208971,253542,209068,-34.14,28.15,0.00,72.95,1,21.20,89.38
387600,253457,208956,253537,209060,-81.30,-192.67,0.00,72.95,1,14.63,89.38
387640,253468,208954,253531,209052,-57.64,-302.45,0.00,72.95,1,4.53,89.38
387680,253429,208917,253523,209042,-79.25,-445.13,0.00,72.95,1,-8.57,89.38
387720,253326,208904,253513,209033,-149.44,-741.72,0.00,72.95,1,-26.45,89.38
387760,253209,208880,253497,209023,-218.48,-1155.34,0.00,72.95,1,-49.82,89.38
387800,253117,208861,253479,209012,-254.59,-1573.29,0.00,72.95,1,-81.27,89.38
387840,253082,208863,253462,209003,-237.47,-1854.08,0.00,72.95,1,-118.19,89.38
387880,253093,208855,253452,208995,-185.70,-1936.44,0.00,72.95,1,-153.98,89.38
387920,253143,208868,253445,208988,-111.28,-1804.21,0.00,72.95,1,-181.50,89.38
387960,253177,208865,253437,208980,-63.38,-1574.59,0.00,72.95,1,-197.17,89.38
388000,253176,208870,253427,208972,-52.78,-1367.52,0.00,72.95,1,-202.25,89.38
388040,253153,208870,253411,208963,-62.14,-1230.72,0.00,72.95,1,-200.70,89.38
388080,253138,208861,253393,208954,-63.25,-1126.94,0.00,72.95,1,-196.84,89.38
388120,253142,208867,253375,208945,-48.58,-1007.26,0.00,72.95,1,-192.54,89.38
388160,253154,208874,253358,208937,-30.00,-864.86,0.00,72.95,1,-187.44,89.38
388200,253167,208876,253341,208929,-13.94,-711.39,0.00,72.95,1,-180.31,89.38
388240,253187,208881,253325,208923,4.97,-541.77,0.00,72.95,1,-170.31,89.38
388280,253207,208877,253310,208916,20.47,-368.54,0.00,72.95,1,-157.62,89.38
388320,253226,208864,253295,208910,32.36,-202.03,0.00,72.95,1,-142.80,89.38
388360,253222,208846,253282,208903,23.25,-96.21,0.00,72.95,1,-127.28,89.38
388400,253183,208849,253267,208896,-12.92,-109.15,0.00,72.95,1,-113.91,89.38
388440,253154,208839,253251,208889,-34.38,-175.89,0.00,72.95,1,-104.38,89.38
388480,253153,208842,253233,208883,-29.00,-213.75,0.00,72.95,1,-98.70,89.38
388520,253143,208841,253217,208878,-31.98,-251.17,0.00,72.95,1,-96.27,89.38
388560,253148,208818,253202,208871,-22.12,-254.32,0.00,72.95,1,-94.50,89.38
388600,253066,208810,253186,208866,-85.38,-423.76,1000.00,70.28,1,-95.45,107.75
388640,252894,208768,253163,208858,-211.05,-887.70,0.00,70.28,1,-105.51,107.75
388680,252772,208752,253137,208852,-273.09,-1413.37,0.00,70.28,1,-126.94,107.75
388720,252737,208763,253113,208846,-252.64,-1769.40,0.00,70.28,1,-158.30,107.75
388760,252760,208758,253095,208841,-188.31,-1877.28,0.00,70.28,1,-192.34,107.75
388800,252819,208772,253083,208837,-106.03,-1744.20,0.00,70.28,1,-218.35,107.75
388840,252838,208776,253074,208834,-71.36,-1548.86,0.00,70.28,1,-232.10,107.75
388880,252867,208769,253065,208831,-34.73,-1299.81,0.00,70.28,1,-233.75,107.75
388920,252843,208761,253053,208826,-48.16,-1140.99,0.00,70.28,1,-228.19,107.75
388960,252817,208752,253038,208822,-60.81,-1050.51,0.00,70.28,1,-220.80,107.75
389000,252848,208757,253025,208817,-24.45,-883.96,0.00,70.28,1,-211.62,107.75
389040,252819,208762,253012,208813,-43.83,-805.19,0.00,70.28,1,-203.64,107.75
389080,252852,208760,253000,208809,-8.88,-651.48,0.00,70.28,1,-194.32,107.75
389120,252887,208757,252990,208804,21.42,-451.60,0.00,70.28,1,-181.58,107.75
389160,252940,208775,252981,208801,61.03,-191.13,0.00,70.28,1,-165.55,107.75
389200,252988,208761,252974,208796,89.41,86.95,0.00,70.28,1,-144.08,107.75
389230,253022,208752,252968,208791,101.19,334.96,0.00,70.28,1,-118.77,107.75
389270,253062,208765,252962,208786,115.78,566.93,0.00,70.28,1,-90.72,107.75
389310,253100,208761,252957,208782,126.09,775.09,0.00,70.28,1,-61.63,107.75
389350,253074,208750,252951,208778,82.08,821.26,0.00,70.28,1,-35.23,107.75
389390,253100,208749,252948,208774,88.62,874.55,0.00,70.28,1,-11.58,107.75
389430,253051,208736,252944,208770,32.50,767.95,0.00,70.28,1,5.97,107.75
389470,252988,208718,252937,208765,-25.02,532.96,0.00,70.28,1,14.49,107.75
389510,252873,208699,252926,208760,-114.81,112.60,1000.00,68.67,1,12.39,248.24
389550,252832,208670,252913,208754,-127.77,-249.47,0.00,68.67,1,-0.48,248.24
389590,252830,208695,252904,208749,-106.41,-475.50,0.00,68.67,1,-19.32,248.24
389630,252883,208689,252904,208746,-43.80,-486.51,0.00,68.67,1,-37.61,248.24
389670,252880,208686,252908,208743,-38.38,-480.79,0.00,68.67,1,-50.57,248.24
389710,252902,208688,252915,208740,-13.42,-410.45,0.00,68.67,1,-56.73,248.24
389750,252926,208687,252921,208737,8.67,-297.26,0.00,68.67,1,-56.58,248.24
389790,252934,208707,252926,208735,13.67,-195.77,0.00,68.67,1,-53.54,248.24
389830,252933,208687,252930,208731,10.39,-125.27,0.00,68.67,1,-48.29,248.24
389870,252948,208700,252933,208728,20.81,-42.76,0.00,68.67,1,-41.72,248.24
389910,252991,208699,252939,208726,52.33,104.79,0.00,68.67,1,-33.48,248.24
389950,253012,208704,252947,208724,60.12,240.47,0.00,68.67,1,-23.55,248.24
389990,253040,208711,252954,208722,72.27,378.35,0.00,68.67,1,-11.29,248.24
390030,253064,208710,252964,208720,78.94,503.50,0.00,68.67,1,2.93,248.24
390070,253121,208725,252975,208719,111.47,687.01,0.00,68.67,1,18.99,248.24
390110,253137,208726,252985,208718,104.53,811.83,0.00,68.67,1,36.01,248.24
390150,253163,208708,252994,208715,107.03,915.79,0.00,68.67,1,53.42,248.24
390190,253177,208712,253001,208713,99.25,976.34,0.00,68.67,1,70.47,248.24
390230,253133,208696,253006,208711,45.31,881.17,0.00,68.67,1,82.81,248.24
390270,253157,208696,253009,208708,56.84,837.38,0.00,68.67,1,91.75,248.24
390310,253047,208662,253007,208704,-43.59,538.07,0.00,68.67,1,92.38,248.24
390350,252930,208635,253002,208699,-131.69,72.04,1000.00,71.64,1,81.29,149.10
390390,252822,208627,252990,208694,-196.55,-462.69,0.00,71.64,1,58.88,149.10
390430,252768,208617,252979,208690,-205.45,-903.30,0.00,71.64,1,25.02,149.10
390470,252771,208618,252970,208686,-166.02,-1142.85,0.00,71.64,1,-12.31,149.10
390510,252798,208622,252967,208683,-114.00,-1192.39,0.00,71.64,1,-45.76,149.10
390550,252851,208642,252968,208681,-50.02,-1062.10,0.00,71.64,1,-69.13,149.10
390590,252913,208658,252972,208680,9.83,-802.49,0.00,71.64,1,-79.77,149.10
390630,252915,208650,252973,208678,9.70,-600.33,0.00,71.64,1,-80.68,149.10
390670,252906,208641,252974,208677,0.58,-466.73,0.00,71.64,1,-75.74,149.10
390710,252918,208646,252975,208675,10.31,-336.82,0.00,71.64,1,-68.14,149.10
390750,252939,208637,252975,208673,25.67,-194.95,0.00,71.64,1,-60.36,149.10
390790,252954,208644,252976,208670,33.34,-64.03,0.00,71.64,1,-52.00,149.10
390830,252983,208649,252978,208669,51.12,85.02,0.00,71.64,1,-41.76,149.10
390870,253004,208641,252980,208667,59.14,222.45,0.00,71.64,1,-29.87,149.10
390910,253017,208654,252981,208665,59.16,329.68,0.00,71.64,1,-17.24,149.10
390950,253040,208657,252982,208663,67.38,435.02,0.00,71.64,1,-3.91,149.10
390990,253028,208648,252982,208660,45.41,459.19,0.00,71.64,1,8.07,149.10
391030,253042,208660,252981,208658,48.72,486.79,0.00,71.64,1,18.56,149.10
391070,253032,208657,252977,208656,31.75,463.51,0.00,71.64,1,26.83,149.10
391110,252972,208654,252971,208653,-23.17,300.37,0.00,71.64,1,29.87,149.10
391150,253005,208648,252964,208650,8.06,255.57,0.00,71.64,1,30.78,149.10
391190,252917,208632,252954,208647,-65.55,26.30,1000.00,65.40,1,25.84,111.46
391230,252828,208615,252942,208644,-126.73,-314.06,0.00,65.40,1,13.31,111.46
391270,252736,208592,252925,208640,-179.36,-718.48,0.00,65.40,1,-6.12,111.46
391310,252657,208575,252909,208636,-211.86,-1119.72,0.00,65.40,1,-35.09,111.46
391350,252626,208587,252897,208634,-199.14,-1399.11,0.00,65.40,1,-68.48,111.46
391390,252655,208587,252891,208633,-139.52,-1459.63,0.00,65.40,1,-99.85,111.46
391430,252675,208594,252887,208632,-98.00,-1397.23,0.00,65.40,1,-124.61,111.46
391470,252681,208591,252883,208631,-75.44,-1289.00,0.00,65.40,1,-140.49,111.46
391510,252665,208594,252878,208630,-74.98,-1203.38,0.00,65.40,1,-148.84,111.46
391550,252646,208596,252870,208628,-77.06,-1142.08,0.00,65.40,1,-153.36,111.46
391590,252660,208593,252860,208625,-51.72,-1027.36,0.00,65.40,1,-155.19,111.46
391630,252639,208600,252849,208623,-59.62,-958.75,0.00,65.40,1,-156.07,111.46
391670,252661,208603,252839,208622,-30.86,-829.29,0.00,65.40,1,-154.65,111.46
391710,252675,208605,252829,208620,-13.83,-683.36,0.00,65.40,1,-150.16,111.46
391750,252694,208605,252819,208619,4.23,-521.84,0.00,65.40,1,-143.19,111.46
391790,252761,208609,252811,208617,58.41,-252.84,0.00,65.40,1,-130.83,111.46
391830,252826,208630,252805,208617,101.19,69.92,0.00,65.40,1,-112.78,111.46
391870,252888,208639,252801,208617,133.81,407.80,0.00,65.40,1,-88.73,111.46
391910,252916,208648,252797,208616,132.69,668.38,0.00,65.40,1,-60.11,111.46
391950,252849,208622,252789,208615,53.86,663.53,0.00,65.40,1,-34.01,111.46
391990,252846,208621,252782,208614,41.70,627.65,0.00,65.40,1,-13.01,111.46
392030,252743,208597,252770,208611,-50.27,356.86,0.00,65.40,1,-2.98,111.46
392070,252606,208565,252753,208608,-153.56,-127.05,1000.00,67.61,1,-8.20,153.09
392110,252459,208552,252732,208604,-246.47,-749.78,0.00,67.61,1,-28.17,153.09
392150,252388,208552,252707,208600,-260.33,-1272.09,0.00,67.61,1,-61.80,153.09
392190,252375,208554,252686,208597,-224.12,-1583.92,0.00,67.61,1,-101.51,153.09
392230,252405,208572,252669,208595,-159.19,-1655.71,0.00,67.61,1,-138.32,153.09
392270,252473,208590,252658,208595,-74.78,-1488.88,0.00,67.61,1,-163.53,153.09
392310,252506,208598,252652,208596,-34.27,-1251.79,0.00,67.61,1,-175.30,153.09
392350,252542,208608,252649,208597,1.42,-972.64,0.00,67.61,1,-174.74,153.09
392390,252559,208608,252645,208597,15.11,-718.77,0.00,67.61,1,-165.43,153.09
392430,252608,208609,252642,208598,52.56,-421.88,0.00,67.61,1,-150.43,153.09
392470,252631,208602,252640,208598,61.97,-165.47,0.00,67.61,1,-131.78,153.09
392510,252599,208586,252638,208598,24.58,-64.18,0.00,67.61,1,-113.45,153.09
392550,252602,208574,252636,208597,22.61,9.63,0.00,67.61,1,-96.21,153.09
392590,252636,208591,252635,208597,46.42,130.07,0.00,67.61,1,-80.66,153.09
392630,252698,208621,252637,208598,88.91,336.16,0.00,67.61,1,-64.99,153.09
392670,252763,208636,252641,208599,126.20,595.38,0.00,67.61,1,-45.44,153.09
392710,252808,208635,252647,208600,140.39,835.03,0.00,67.61,1,-21.52,153.09
392750,252834,208633,252652,208602,136.44,1011.52,0.00,67.61,1,5.04,153.09
392790,252808,208602,252654,208601,90.56,1028.07,0.00,67.61,1,29.56,153.09
392830,252859,208604,252656,208600,116.08,1108.34,0.00,67.61,1,51.61,153.09
392870,252789,208588,252652,208598,37.78,964.25,0.00,67.61,1,66.71,153.09
392910,252655,208581,252641,208596,-78.91,543.80,0.00,67.61,1,69.73,153.09
392950,252528,208570,252628,208593,-168.84,-21.58,1000.00,69.87,1,59.41,245.03
392990,252468,208560,252613,208591,-187.66,-512.25,0.00,69.87,1,34.58,245.03
393030,252463,208538,252602,208589,-157.98,-816.63,0.00,69.87,1,1.86,245.03
393070,252527,208554,252599,208588,-77.06,-840.42,0.00,69.87,1,-28.15,245.03
393110,252599,208568,252604,208589,-4.16,-666.50,0.00,69.87,1,-47.45,245.03
393150,252662,208582,252615,208590,48.25,-392.49,0.00,69.87,1,-53.29,245.03
393190,252689,208596,252628,208592,61.70,-143.24,0.00,69.87,1,-47.58,245.03
393230,252706,208601,252640,208593,64.53,58.63,0.00,69.87,1,-35.17,245.03
393270,252739,208610,252651,208594,79.97,256.85,0.00,69.87,1,-19.51,245.03
393310,252765,208613,252661,208594,86.89,429.73,0.00,69.87,1,-3.15,245.03
393350,252828,208616,252672,208595,122.91,659.67,0.00,69.87,1,15.00,245.03
393390,252862,208624,252685,208595,128.66,854.19,0.00,69.87,1,34.93,245.03
393430,252885,208613,252696,208595,124.36,994.58,0.00,69.87,1,55.50,245.03
393470,252911,208610,252707,208596,123.30,1101.27,0.00,69.87,1,76.27,245.03
393510,252907,208604,252719,208596,97.83,1117.26,0.00,69.87,1,94.11,245.03
393550,252911,208596,252732,208597,83.50,1091.90,0.00,69.87,1,108.24,245.03
393590,252901,208604,252742,208598,60.27,1010.79,0.00,69.87,1,118.00,245.03
393630,252868,208585,252749,208596,22.36,847.44,0.00,69.87,1,121.89,245.03
393670,252908,208584,252755,208594,51.14,796.02,0.00,69.87,1,123.11,245.03
393700,252868,208593,252757,208593,9.14,645.02,1000.00,70.59,1,120.47,176.40
393740,252760,208563,252754,208590,-81.06,289.11,0.00,70.59,1,110.92,176.40
393780,252638,208556,252747,208588,-166.52,-214.09,0.00,70.59,1,92.59,176.40
393820,252590,208544,252737,208586,-175.91,-631.38,0.00,70.59,1,64.26,176.40
393860,252564,208539,252728,208584,-165.56,-929.57,0.00,70.59,1,29.38,176.40
393900,252581,208543,252725,208582,-121.83,-1046.69,0.00,70.59,1,-4.77,176.40
393940,252634,208552,252729,208581,-56.44,-965.41,0.00,70.59,1,-30.63,176.40
393980,252584,208540,252734,208581,-87.28,-983.44,0.00,70.59,1,-49.94,176.40
394020,252532,208539,252736,208581,-114.20,-1068.58,0.00,70.59,1,-65.12,176.40
394060,252528,208539,252736,208580,-96.92,-1089.37,0.00,70.59,1,-77.83,176.40
394100,252539,208540,252734,208579,-70.45,-1035.70,0.00,70.59,1,-90.23,176.40
394140,252580,208544,252731,208577,-24.16,-871.62,0.00,70.59,1,-98.45,176.40
394180,252592,208554,252727,208576,-9.97,-706.18,0.00,70.59,1,-100.75,176.40
394220,252638,208562,252724,208574,29.55,-472.82,0.00,70.59,1,-96.48,176.40
394260,252667,208569,252721,208573,48.02,-242.04,0.00,70.59,1,-86.57,176.40
394300,252715,208586,252719,208571,78.73,19.07,0.00,70.59,1,-72.25,176.40
394340,252745,208592,252716,208571,89.16,250.25,0.00,70.59,1,-54.08,176.40
394380,252775,208593,252712,208569,97.70,453.13,0.00,70.59,1,-33.92,176.40
394420,252807,208604,252709,208569,106.36,634.23,0.00,70.59,1,-12.43,176.40
394460,252809,208599,252705,208568,88.86,729.29,0.00,70.59,1,7.85,176.40
394500,252797,208592,252701,208568,63.03,735.25,0.00,70.59,1,25.20,176.40
394540,252798,208589,252696,208568,52.50,712.09,0.00,70.59,1,38.87,176.40
394580,252704,208574,252688,208567,-34.03,465.59,0.00,70.59,1,44.36,176.40
394620,252567,208548,252676,208565,-140.25,-7.10,1000.00,68.77,1,37.84,145.10
394660,252496,208541,252660,208563,-173.22,-462.84,0.00,68.77,1,19.92,145.10
394700,252476,208546,252644,208561,-158.44,-779.29,0.00,68.77,1,-7.22,145.10
394740,252480,208544,252633,208561,-126.64,-942.17,0.00,68.77,1,-36.86,145.10
394780,252536,208568,252629,208561,-57.92,-887.81,0.00,68.77,1,-59.98,145.10
394820,252583,208576,252629,208562,-8.95,-716.13,0.00,68.77,1,-72.95,145.10
394860,252589,208587,252630,208564,-2.42,-564.97,0.00,68.77,1,-77.01,145.10
394900,252606,208586,252631,208566,11.95,-409.12,0.00,68.77,1,-73.75,145.10
394940,252597,208582,252629,208567,2.42,-312.72,0.00,68.77,1,-67.70,145.10
394980,252607,208587,252630,208569,10.19,-217.03,0.00,68.77,1,-61.16,145.10
395020,252587,208587,252632,208571,-8.05,-190.53,0.00,68.77,1,-55.44,145.10
395060,252607,208590,252635,208573,9.80,-122.75,0.00,68.77,1,-50.28,145.10
395100,252628,208599,252639,208575,25.25,-29.08,0.00,68.77,1,-44.38,145.10
395140,252634,208594,252641,208577,25.62,44.97,0.00,68.77,1,-38.17,145.10
395180,252655,208596,252644,208579,38.23,136.01,0.00,68.77,1,-30.12,145.10
395220,252675,208595,252645,208580,47.75,232.15,0.00,68.77,1,-20.80,145.10
395260,252659,208603,252645,208582,26.03,249.80,0.00,68.77,1,-12.18,145.10
395300,252646,208602,252642,208582,10.69,223.06,0.00,68.77,1,-5.01,145.10
395340,252651,208606,252638,208583,12.86,207.93,0.00,68.77,1,0.30,145.10
395380,252632,208606,252633,208584,-5.03,148.91,0.00,68.77,1,2.53,145.10
395420,252655,208612,252626,208584,14.73,155.05,0.00,68.77,1,4.00,145.10
395460,252567,208591,252617,208584,-60.08,-37.67,1000.00,72.51,1,1.79,81.01
395500,252434,208581,252602,208583,-158.33,-447.37,0.00,72.51,1,-8.89,81.01
395540,252300,208560,252582,208582,-239.70,-981.76,0.00,72.51,1,-30.56,81.01
395580,252240,208560,252564,208581,-245.75,-1414.56,0.00,72.51,1,-63.66,81.01
395620,252289,208585,252553,208583,-161.33,-1529.26,0.00,72.51,1,-99.21,81.01
395660,252362,208595,252547,208585,-72.42,-1384.02,0.00,72.51,1,-127.59,81.01
395700,252422,208609,252545,208588,-10.19,-1106.43,0.00,72.51,1,-142.11,81.01
395740,252465,208608,252545,208590,26.91,-791.98,0.00,72.51,1,-141.70,81.01
395780,252482,208611,252542,208592,36.00,-522.71,0.00,72.51,1,-131.36,81.01
395820,252488,208614,252539,208593,34.44,-316.80,0.00,72.51,1,-116.45,81.01
395860,252506,208607,252535,208594,43.00,-133.58,0.00,72.51,1,-100.05,81.01
395900,252531,208608,252532,208595,55.77,43.03,0.00,72.51,1,-83.51,81.01
395940,252558,208615,252531,208596,67.88,212.75,0.00,72.51,1,-66.68,81.01
395980,252594,208628,252530,208598,85.17,390.80,0.00,72.51,1,-48.63,81.01
396020,252644,208632,252532,208600,110.84,597.45,0.00,72.51,1,-28.60,81.01
396060,252674,208643,252535,208602,115.48,770.89,0.00,72.51,1,-7.16,81.01
396100,252690,208637,252538,208603,107.81,885.92,0.00,72.51,1,14.58,81.01
396140,252727,208645,252541,208605,118.75,1004.52,0.00,72.51,1,36.28,81.01
396180,252734,208647,252545,208608,103.11,1055.73,0.00,72.51,1,55.85,81.01
396220,252741,208646,252547,208610,90.30,1061.86,0.00,72.51,1,72.59,81.01
396260,252764,208635,252551,208611,92.91,1073.52,0.00,72.51,1,87.23,81.01
396300,252665,208613,252552,208611,-5.00,824.15,0.00,72.51,1,94.46,81.01
396340,252509,208598,252546,208611,-132.02,294.31,1000.00,70.80,1,89.23,236.57
396380,252411,208577,252538,208610,-188.61,-268.37,0.00,70.80,1,70.35,236.57
396420,252421,208573,252528,208608,-146.45,-595.96,0.00,70.80,1,40.88,236.57
396460,252455,208581,252524,208608,-92.22,-708.31,0.00,70.80,1,9.37,236.57
396500,252531,208601,252528,208609,-13.30,-587.58,0.00,70.80,1,-13.62,236.57
396540,252581,208619,252539,208611,30.09,-378.87,0.00,70.80,1,-23.74,236.57
396580,252617,208619,252554,208613,54.20,-152.42,0.00,70.80,1,-22.91,236.57
396620,252627,208613,252567,208614,52.64,20.08,0.00,70.80,1,-14.84,236.57
396660,252662,208610,252579,208615,71.86,205.37,0.00,70.80,1,-3.11,236.57
396700,252679,208608,252590,208615,72.86,352.54,0.00,70.80,1,9.84,236.57
396740,252693,208612,252599,208615,71.22,463.00,0.00,70.80,1,22.61,236.57
396780,252708,208608,252608,208615,70.70,547.80,0.00,70.80,1,35.28,236.57
396820,252726,208617,252617,208615,72.73,619.30,0.00,70.80,1,46.97,236.57
396860,252752,208616,252627,208616,80.97,696.81,0.00,70.80,1,58.14,236.57
396900,252800,208618,252638,208616,105.75,822.69,0.00,70.80,1,70.16,236.57
396940,252855,208625,252650,208616,131.81,989.69,0.00,70.80,1,84.30,236.57
396980,252869,208632,252661,208617,119.56,1087.60,0.00,70.80,1,99.68,236.57
397020,252887,208619,252671,208616,112.80,1146.11,0.00,70.80,1,115.43,236.57
397060,252861,208615,252678,208615,71.17,1081.86,0.00,70.80,1,128.18,236.57
397100,252914,208637,252687,208615,101.83,1112.68,0.00,70.80,1,138.39,236.57
397140,252823,208630,252691,208614,8.88,891.32,0.00,70.80,1,142.20,236.57
397180,252697,208609,252689,208613,-96.05,441.66,1000.00,69.97,1,135.15,165.93
397220,252581,208598,252683,208611,-173.88,-114.53,0.00,69.97,1,116.30,165.93
397260,252553,208579,252675,208609,-165.53,-526.34,0.00,69.97,1,85.46,165.93
397300,252537,208562,252669,208607,-148.86,-803.53,0.00,69.97,1,49.12,165.93
397340,252531,208579,252670,208606,-126.98,-961.99,0.00,69.97,1,14.13,165.93
397380,252564,208589,252676,208606,-77.06,-953.80,0.00,69.97,1,-13.18,165.93
397420,252591,208601,252683,208607,-41.05,-852.33,0.00,69.97,1,-32.02,165.93
397460,252627,208615,252690,208609,-4.14,-675.75,0.00,69.97,1,-42.04,165.93
397500,252655,208616,252695,208609,19.56,-475.44,0.00,69.97,1,-43.87,165.93
397540,252670,208593,252699,208608,28.34,-296.01,0.00,69.97,1,-40.22,165.93
397580,252709,208586,252702,208607,55.22,-85.11,0.00,69.97,1,-32.01,165.93
397620,252765,208605,252708,208607,91.20,174.39,0.00,69.97,1,-19.64,165.93
397660,252802,208614,252713,208607,105.12,413.55,0.00,69.97,1,-3.94,165.93
397700,252854,208633,252720,208608,128.84,662.72,0.00,69.97,1,15.58,165.93
397740,252878,208645,252728,208609,125.33,847.79,0.00,69.97,1,37.07,165.93
397780,252903,208641,252736,208610,123.27,986.69,0.00,69.97,1,58.47,165.93
397820,252902,208646,252743,208612,100.25,1034.28,0.00,69.97,1,77.90,165.93
397860,252924,208638,252750,208613,100.25,1071.40,0.00,69.97,1,94.35,165.93
397900,252934,208644,252755,208614,90.41,1074.36,0.00,69.97,1,107.71,165.93
397940,252898,208623,252757,208613,44.61,955.77,0.00,69.97,1,116.03,165.93
397980,252928,208635,252759,208614,61.17,907.00,0.00,69.97,1,121.72,165.93
398020,252866,208631,252758,208614,-0.67,705.68,0.00,69.97,1,121.85,165.93
398060,252733,208601,252753,208614,-109.61,261.06,1000.00,71.01,1,111.88,165.72
398100,252592,208587,252740,208612,-205.50,-338.89,0.00,71.01,1,90.08,165.72
398140,252491,208580,252727,208610,-251.33,-927.84,0.00,71.01,1,54.24,165.72
398170,252451,208558,252717,208607,-238.89,-1354.39,0.00,71.01,1,9.24,165.72
398210,252467,208569,252713,208606,-182.77,-1538.92,0.00,71.01,1,-35.85,165.72
398250,252500,208577,252710,208606,-122.81,-1524.58,0.00,71.01,1,-73.16,165.72
398290,252536,208597,252710,208608,-71.19,-1377.11,0.00,71.01,1,-98.39,165.72
398330,252535,208600,252711,208608,-59.19,-1230.40,0.00,71.01,1,-112.53,165.72
398370,252505,208589,252708,208608,-73.14,-1152.80,0.00,71.01,1,-120.00,165.72
398410,252509,208586,252705,208608,-56.69,-1048.84,0.00,71.01,1,-123.53,165.72
398450,252498,208592,252700,208607,-55.50,-964.62,0.00,71.01,1,-126.00,165.72
398490,252516,208593,252694,208606,-30.75,-833.58,0.00,71.01,1,-126.82,165.72
398530,252557,208602,252690,208606,8.41,-628.00,0.00,71.01,1,-123.47,165.72
398570,252567,208613,252684,208607,15.09,-449.99,0.00,71.01,1,-116.76,165.72
398610,252588,208603,252677,208607,29.59,-272.87,0.00,71.01,1,-106.29,165.72
398650,252581,208618,252668,208608,18.53,-163.91,0.00,71.01,1,-94.17,165.72
398690,252581,208610,252657,208607,15.20,-87.72,0.00,71.01,1,-82.68,165.72
398730,252578,208614,252645,208605,10.00,-42.02,0.00,71.01,1,-72.36,165.72
398770,252595,208614,252633,208604,22.14,25.68,0.00,71.01,1,-63.24,165.72
398810,252559,208608,252619,208603,-11.36,-9.96,0.00,71.01,1,-56.37,165.72
398850,252565,208616,252605,208602,-4.39,-19.36,0.00,71.01,1,-51.03,165.72
398890,252501,208604,252587,208600,-56.08,-163.15,0.00,71.01,1,-49.45,165.72
398930,252377,208589,252567,208599,-147.66,-517.07,1000.00,67.61,1,-56.58,77.37
398970,252198,208562,252537,208596,-267.86,-1110.46,0.00,67.61,1,-76.08,77.37
399010,252092,208556,252506,208593,-306.56,-1675.48,0.00,67.61,1,-109.29,77.37
399050,252113,208567,252482,208592,-234.16,-1925.05,0.00,67.61,1,-148.82,77.37
399090,252155,208585,252464,208592,-157.56,-1917.50,0.00,67.61,1,-185.69,77.37
399130,252263,208608,252455,208593,-40.64,-1602.94,0.00,67.61,1,-208.15,77.37
399170,252347,208632,252451,208596,35.55,-1156.45,0.00,67.61,1,-211.53,77.37
399210,252354,208637,252446,208598,34.89,-809.92,0.00,67.61,1,-201.05,77.37
399250,252353,208630,252440,208601,27.80,-558.36,0.00,67.61,1,-182.06,77.37
399290,252395,208628,252435,208602,57.23,-284.42,0.00,67.61,1,-159.64,77.37
399330,252435,208627,252431,208603,79.73,-11.35,0.00,67.61,1,-136.79,77.37
399370,252459,208632,252429,208605,85.06,215.71,0.00,67.61,1,-113.23,77.37
399410,252467,208645,252427,208607,76.31,369.72,0.00,67.61,1,-89.11,77.37
399450,252499,208637,252427,208609,88.81,522.85,0.00,67.61,1,-65.33,77.37
399490,252531,208632,252428,208610,99.06,669.35,0.00,67.61,1,-42.47,77.37
399530,252566,208643,252428,208612,109.94,812.33,0.00,67.61,1,-20.18,77.37
399570,252596,208644,252429,208613,114.75,936.55,0.00,67.61,1,2.26,77.37
399610,252620,208658,252431,208615,113.78,1030.89,0.00,67.61,1,24.17,77.37
399650,252661,208653,252434,208617,126.92,1139.17,0.00,67.61,1,45.73,77.37
399690,252642,208646,252436,208618,88.50,1122.19,0.00,67.61,1,64.49,77.37
399730,252711,208668,252442,208620,129.16,1216.28,0.00,67.61,1,82.47,77.37
399770,252690,208649,252445,208622,88.69,1182.84,0.00,67.61,1,97.75,77.37
399810,252563,208635,252446,208623,-31.42,839.66,0.00,67.61,1,103.81,77.37
399850,252418,208614,252440,208623,-144.67,273.00,1000.00,68.77,1,97.61,315.33
399890,252399,208607,252436,208623,-134.20,-141.36,0.00,68.77,1,78.61,315.33
399930,252443,208623,252438,208624,-73.97,-305.54,0.00,68.77,1,52.92,315.33
399970,252515,208637,252451,208627,-1.61,-242.57,0.00,68.77,1,30.79,315.33
400010,252614,208655,252472,208631,79.86,21.63,0.00,68.77,1,21.77,315.33
400050,252665,208657,252494,208635,107.30,300.13,0.00,68.77,1,25.66,315.33
400090,252704,208658,252516,208638,119.97,550.82,0.00,68.77,1,39.04,315.33
400130,252701,208660,252533,208640,95.92,682.87,0.00,68.77,1,56.26,315.33
400170,252717,208648,252548,208640,91.78,774.94,0.00,68.77,1,72.71,315.33
400210,252713,208648,252563,208641,71.98,794.50,0.00,68.77,1,86.06,315.33
400250,252727,208652,252578,208642,70.50,805.83,0.00,68.77,1,95.84,315.33
400290,252772,208645,252593,208642,94.70,878.56,0.00,68.77,1,104.78,315.33
400330,252781,208637,252606,208643,85.03,909.76,0.00,68.77,1,112.67,315.33
400370,252799,208656,252620,208644,84.48,932.65,0.00,68.77,1,120.55,315.33
400410,252824,208658,252634,208644,89.78,964.49,0.00,68.77,1,128.78,315.33
400450,252873,208657,252649,208645,113.80,1052.73,0.00,68.77,1,137.32,315.33
400490,252909,208663,252664,208646,122.83,1145.39,0.00,68.77,1,147.08,315.33
400530,252973,208675,252681,208648,153.20,1297.86,0.00,68.77,1,159.53,315.33
400570,252984,208673,252696,208649,134.64,1367.78,0.00,68.77,1,173.25,315.33
400610,253006,208668,252712,208649,128.44,1405.95,0.00,68.77,1,186.61,315.33
400650,253063,208676,252728,208650,152.06,1498.08,0.00,68.77,1,200.37,315.33
400690,253026,208643,252743,208650,94.34,1417.57,0.00,68.77,1,210.07,315.33
400730,252901,208633,252751,208649,-25.14,1039.34,0.00,68.77,1,210.92,315.33
400770,252794,208621,252755,208647,-108.36,524.61,1000.00,67.99,1,199.75,189.15
400810,252747,208603,252762,208646,-127.39,72.89,0.00,67.99,1,175.36,189.15
400850,252725,208598,252775,208646,-122.50,-266.55,0.00,67.99,1,141.98,189.15
400890,252761,208601,252789,208645,-70.94,-395.18,0.00,67.99,1,108.96,189.15
400930,252824,208610,252804,208645,-6.52,-325.44,0.00,67.99,1,83.71,189.15
400970,252861,208603,252818,208643,25.00,-187.85,0.00,67.99,1,68.19,189.15
401010,252881,208599,252829,208641,36.91,-49.09,0.00,67.99,1,61.95,189.15
401050,252882,208588,252837,208638,31.08,43.76,0.00,67.99,1,61.36,189.15
401090,252905,208598,252845,208636,44.34,151.20,0.00,67.99,1,63.39,189.15
401130,252916,208602,252854,208634,45.38,237.73,0.00,67.99,1,66.28,189.15
401170,252918,208601,252862,208632,38.84,287.97,0.00,67.99,1,69.04,189.15
401210,252951,208603,252872,208630,58.91,380.13,0.00,67.99,1,72.99,189.15
401250,252982,208603,252882,208628,73.72,491.12,0.00,67.99,1,78.10,189.15
401290,252992,208609,252891,208627,68.66,564.33,0.00,67.99,1,83.98,189.15
401330,253029,208610,252901,208626,86.64,668.91,0.00,67.99,1,91.81,189.15
401370,253061,208617,252911,208624,97.28,778.57,0.00,67.99,1,100.94,189.15
401410,253077,208624,252921,208623,92.89,852.52,0.00,67.99,1,110.31,189.15
401450,253081,208607,252929,208621,79.45,874.72,0.00,67.99,1,119.48,189.15
401490,253073,208615,252936,208619,58.59,836.97,0.00,67.99,1,126.49,189.15
401530,253055,208621,252939,208617,33.28,740.70,0.00,67.99,1,129.71,189.15
401570,253032,208618,252941,208614,8.44,600.02,1000.00,67.99,1,128.41,68.35
401610,253004,208615,252941,208612,-16.05,425.65,0.00,67.99,1,122.39,68.35
401650,252884,208584,252934,208609,-111.56,37.48,0.00,67.99,1,108.26,68.35
401690,252710,208547,252921,208605,-234.16,-588.94,0.00,67.99,1,81.76,68.35
401730,252589,208509,252909,208600,-291.23,-1228.23,0.00,67.99,1,42.25,68.35
401770,252521,208508,252898,208595,-294.58,-1735.70,0.00,67.99,1,-8.16,68.35
401810,252507,208509,252888,208591,-253.03,-2021.85,0.00,67.99,1,-61.68,68.35
401850,252541,208535,252881,208589,-179.61,-2051.21,0.00,67.99,1,-108.16,68.35
401890,252566,208541,252873,208587,-126.78,-1934.65,0.00,67.99,1,-142.62,68.35
401930,252576,208533,252863,208583,-95.77,-1761.85,0.00,67.99,1,-164.29,68.35
401970,252562,208518,252851,208580,-90.00,-1611.84,0.00,67.99,1,-175.99,68.35
402010,252568,208530,252839,208577,-68.88,-1439.07,0.00,67.99,1,-181.17,68.35
402050,252582,208529,252827,208575,-45.00,-1241.27,0.00,67.99,1,-181.80,68.35
402090,252604,208545,252815,208573,-18.86,-1017.98,0.00,67.99,1,-178.50,68.35
402130,252621,208555,252803,208571,-1.53,-798.07,0.00,67.99,1,-171.00,68.35
402170,252648,208560,252792,208569,20.89,-567.34,0.00,67.99,1,-159.56,68.35
402210,252668,208572,252781,208568,33.53,-354.00,0.00,67.99,1,-145.08,68.35
402250,252729,208583,252771,208567,77.52,-71.48,0.00,67.99,1,-126.89,68.35
402290,252749,208581,252761,208566,79.97,155.36,0.00,67.99,1,-106.04,68.35
402330,252789,208581,252751,208565,98.38,380.89,0.00,67.99,1,-82.94,68.35
402370,252813,208585,252741,208564,100.34,562.00,0.00,67.99,1,-58.33,68.35
402410,252800,208571,252730,208562,71.62,627.45,0.00,67.99,1,-35.97,68.35
402450,252798,208588,252719,208561,57.09,640.14,0.00,67.99,1,-16.57,68.35
402490,252757,208571,252706,208559,13.20,534.17,0.00,67.99,1,-3.01,68.35
402530,252778,208572,252695,208557,28.05,490.69,0.00,67.99,1,5.81,68.35
402570,252685,208547,252681,208554,-53.27,242.12,0.00,67.99,1,7.62,68.35
402600,252531,208519,252663,208550,-169.95,-259.82,1000.00,66.30,1,-2.18,189.42
402640,252368,208493,252642,208547,-273.02,-923.42,0.00,66.30,1,-25.64,189.42
402680,252320,208499,252626,208545,-263.23,-1415.21,0.00,66.30,1,-61.94,189.42
402720,252359,208514,252617,208545,-183.88,-1589.29,0.00,66.30,1,-101.92,189.42
402760,252433,208523,252614,208546,-90.09,-1477.50,0.00,66.30,1,-134.67,189.42
402800,252517,208536,252614,208547,-5.00,-1165.65,0.00,66.30,1,-151.27,189.42
402840,252597,208554,252616,208548,61.50,-746.84,0.00,66.30,1,-150.15,189.42
402880,252640,208555,252619,208548,85.69,-356.32,0.00,66.30,1,-135.51,189.42
402920,252682,208553,252623,208549,104.70,-1.52,0.00,66.30,1,-112.20,189.42
402960,252735,208551,252630,208550,129.31,340.20,0.00,66.30,1,-83.98,189.42
403000,252794,208563,252639,208552,154.42,673.03,0.00,66.30,1,-53.32,189.42
403040,252857,208564,252650,208553,178.28,995.63,0.00,66.30,1,-20.44,189.42
403080,252898,208579,252662,208554,179.81,1251.29,0.00,66.30,1,13.60,189.42
403120,252931,208582,252675,208555,174.50,1436.69,0.00,66.30,1,47.20,189.42
403160,252985,208579,252688,208556,187.38,1615.29,0.00,66.30,1,79.77,189.42
403200,253034,208588,252703,208557,193.83,1771.63,0.00,66.30,1,110.53,189.42
403240,253057,208585,252716,208557,177.80,1851.26,0.00,66.30,1,138.72,189.42
403280,253060,208583,252728,208557,148.25,1835.36,0.00,66.30,1,163.33,189.42
403320,253086,208587,252740,208557,142.89,1808.81,0.00,66.30,1,183.73,189.42
403360,253052,208565,252750,208556,89.30,1646.62,0.00,66.30,1,197.22,189.42
403400,253104,208574,252762,208556,115.86,1590.23,0.00,66.30,1,206.50,189.42
403440,253047,208549,252772,208555,48.27,1367.80,0.00,66.30,1,209.99,189.42
403480,252959,208541,252780,208554,-32.58,980.88,1000.00,66.12,1,204.34,361.26
403520,252819,208511,252782,208551,-141.52,391.48,0.00,66.12,1,187.49,361.26
403560,252757,208509,252784,208550,-166.88,-135.19,0.00,66.12,1,157.72,361.26
403600,252752,208514,252793,208550,-140.94,-477.53,0.00,66.12,1,120.77,361.26
403640,252782,208522,252810,208551,-90.97,-612.63,0.00,66.12,1,83.83,361.26
403680,252838,208527,252831,208552,-28.67,-553.54,0.00,66.12,1,55.54,361.26
403720,252883,208533,252851,208553,13.39,-396.41,0.00,66.12,1,38.62,361.26
403760,252884,208532,252870,208553,11.80,-278.06,0.00,66.12,1,30.76,361.26
403800,252880,208524,252884,208552,6.39,-200.01,0.00,66.12,1,28.45,361.26
403840,252900,208525,252896,208551,21.64,-98.88,0.00,66.12,1,28.86,361.26
403880,252913,208526,252907,208550,28.41,-2.13,0.00,66.12,1,30.00,361.26
403920,252947,208529,252918,208549,51.17,133.43,0.00,66.12,1,33.03,361.26
403960,252965,208545,252927,208549,56.72,253.81,0.00,66.12,1,38.36,361.26
404000,252982,208532,252934,208548,60.45,357.57,0.00,66.12,1,45.23,361.26
404040,253004,208535,252940,208547,67.61,457.39,0.00,66.12,1,53.52,361.26
404080,253013,208536,252945,208545,62.81,522.59,0.00,66.12,1,61.74,361.26
404120,253043,208549,252949,208544,76.11,608.55,0.00,66.12,1,70.28,361.26
404160,253037,208535,252951,208542,57.48,626.43,0.00,66.12,1,77.99,361.26
404200,253041,208524,252952,208539,50.42,621.73,0.00,66.12,1,84.21,361.26
404240,253027,208531,252951,208537,29.86,563.78,0.00,66.12,1,88.27,361.26
404280,253012,208523,252949,208535,12.19,471.92,0.00,66.12,1,88.78,361.26
404320,252964,208521,252944,208532,-29.36,290.59,1000.00,65.40,1,84.86,60.33
404360,252952,208512,252940,208530,-33.92,137.11,0.00,65.40,1,77.00,60.33
404400,252934,208507,252933,208527,-42.58,-5.46,0.00,65.40,1,66.11,60.33
404440,252857,208498,252925,208525,-98.05,-263.11,0.00,65.40,1,50.52,60.33
404480,252711,208468,252915,208522,-200.12,-733.55,0.00,65.40,1,27.56,60.33
404520,252619,208455,252907,208520,-239.55,-1204.57,0.00,65.40,1,-3.94,60.33
404560,252588,208468,252901,208518,-221.84,-1525.24,0.00,65.40,1,-41.97,60.33
404600,252604,208479,252895,208517,-168.80,-1635.31,0.00,65.40,1,-80.54,60.33
404640,252658,208480,252890,208515,-94.14,-1524.07,0.00,65.40,1,-110.66,60.33
404680,252712,208501,252885,208514,-32.92,-1275.69,0.00,65.40,1,-127.95,60.33
404720,252750,208510,252879,208513,4.16,-984.07,0.00,65.40,1,-132.44,60.33
404760,252751,208515,252874,208513,4.23,-756.39,0.00,65.40,1,-127.83,60.33
404800,252774,208514,252870,208512,22.33,-531.04,0.00,65.40,1,-117.71,60.33
404840,252773,208519,252865,208512,17.48,-368.05,0.00,65.40,1,-105.86,60.33
404880,252799,208515,252860,208512,35.66,-192.95,0.00,65.40,1,-93.36,60.33
404920,252818,208532,252855,208512,44.81,-32.19,0.00,65.40,1,-79.82,60.33
404960,252849,208530,252850,208511,62.17,139.02,0.00,65.40,1,-65.34,60.33
405000,252858,208529,252845,208511,58.36,262.51,0.00,65.40,1,-49.96,60.33
405040,252854,208535,252839,208511,44.58,322.44,0.00,65.40,1,-35.36,60.33
405080,252860,208531,252833,208511,41.47,360.98,0.00,65.40,1,-22.10,60.33
405120,252898,208539,252828,208510,65.17,453.62,0.00,65.40,1,-9.75,60.33
405160,252892,208555,252822,208511,48.52,481.90,0.00,65.40,1,1.11,60.33
405200,252901,208548,252816,208512,47.16,500.38,0.00,65.40,1,11.24,60.33
405240,252916,208553,252812,208513,50.97,524.85,0.00,65.40,1,21.03,60.33
405280,252888,208549,252807,208514,18.83,459.09,0.00,65.40,1,27.70,60.33
405320,252907,208557,252804,208515,31.02,439.97,0.00,65.40,1,32.96,60.33
405360,252836,208550,252800,208517,-32.78,256.64,0.00,65.40,1,33.76,60.33
405400,252678,208520,252790,208518,-156.44,-212.82,1000.00,64.00,1,24.02,166.19
405440,252540,208501,252777,208518,-241.44,-803.39,0.00,64.00,1,1.93,166.19
405480,252496,208498,252768,208519,-234.06,-1244.57,0.00,64.00,1,-31.79,166.19
405520,252473,208495,252762,208520,-210.80,-1527.27,0.00,64.00,1,-71.79,166.19
405560,252527,208523,252760,208523,-128.58,-1530.72,0.00,64.00,1,-107.19,166.19
405600,252608,208531,252760,208525,-39.02,-1296.96,0.00,64.00,1,-129.53,166.19
405640,252675,208557,252761,208528,22.95,-951.03,0.00,64.00,1,-137.11,166.19
405680,252696,208576,252760,208531,36.05,-646.64,0.00,64.00,1,-131.62,166.19
405720,252703,208570,252758,208533,35.30,-411.20,0.00,64.00,1,-118.30,166.19
405760,252729,208572,252757,208535,50.27,-188.03,0.00,64.00,1,-101.54,166.19
405800,252747,208570,252756,208538,55.98,1.13,0.00,64.00,1,-84.45,166.19
405840,252779,208566,252757,208540,72.14,191.34,0.00,64.00,1,-66.91,166.19
405880,252809,208570,252757,208542,83.75,370.34,0.00,64.00,1,-48.32,166.19
405920,252838,208573,252758,208543,92.45,532.94,0.00,64.00,1,-29.09,166.19
405960,252890,208582,252759,208546,118.45,728.41,0.00,64.00,1,-8.24,166.19
406000,252910,208586,252762,208548,113.53,867.88,0.00,64.00,1,13.03,166.19
406040,252941,208591,252765,208550,118.52,989.83,0.00,64.00,1,34.35,166.19
406080,252947,208592,252768,208552,102.11,1041.64,0.00,64.00,1,54.46,166.19
406120,252991,208591,252772,208555,119.81,1128.78,0.00,64.00,1,73.02,166.19
406160,252979,208592,252776,208556,88.41,1113.84,0.00,64.00,1,88.83,166.19
406200,252996,208566,252779,208557,86.44,1096.99,0.00,64.00,1,101.75,166.19
406240,252994,208588,252783,208558,69.23,1038.43,0.00,64.00,1,111.98,166.19
406280,252924,208566,252784,208559,-0.62,808.33,0.00,64.00,1,115.31,166.19
406320,252764,208547,252778,208558,-131.72,282.76,1000.00,65.75,1,107.27,252.43
406360,252648,208533,252771,208558,-203.12,-315.70,0.00,65.75,1,85.24,252.43
406400,252646,208523,252770,208558,-168.20,-690.30,0.00,65.75,1,52.99,252.43
406440,252660,208521,252774,208559,-126.45,-872.27,0.00,65.75,1,16.97,252.43
406480,252713,208526,252783,208560,-60.23,-839.39,0.00,65.75,1,-12.56,252.43
406520,252798,208545,252796,208562,20.31,-601.10,0.00,65.75,1,-28.44,252.43
406560,252823,208561,252808,208563,37.16,-370.77,0.00,65.75,1,-32.69,252.43
406600,252823,208568,252816,208565,30.47,-208.76,0.00,65.75,1,-28.68,252.43
406640,252811,208576,252822,208566,15.14,-122.86,0.00,65.75,1,-21.18,252.43
406680,252807,208582,252826,208566,9.14,-71.70,0.00,65.75,1,-14.84,252.43
406720,252832,208579,252831,208566,28.00,17.99,0.00,65.75,1,-9.48,252.43
406760,252879,208591,252837,208567,61.50,176.40,0.00,65.75,1,-2.98,252.43
406800,252914,208592,252844,208568,79.12,346.48,0.00,65.75,1,6.24,252.43
406840,252972,208588,252852,208569,112.44,567.09,0.00,65.75,1,19.93,252.43
406880,253003,208605,252860,208570,117.62,752.86,0.00,65.75,1,37.05,252.43
406920,253029,208607,252867,208571,117.77,898.13,0.00,65.75,1,55.64,252.43
406960,253088,208618,252875,208573,144.95,1083.22,0.00,65.75,1,76.07,252.43
407000,253166,208631,252885,208575,182.83,1327.58,0.00,65.75,1,98.42,252.43
407040,253177,208619,252895,208576,158.94,1455.10,0.00,65.75,1,121.06,252.43
407070,253209,208626,252905,208577,156.56,1548.31,0.00,65.75,1,143.86,252.43
407110,253171,208618,252913,208578,97.22,1464.34,0.00,65.75,1,162.42,252.43
407150,253049,208587,252915,208578,-20.33,1088.52,0.00,65.75,1,169.24,252.43
407190,252844,208562,252909,208578,-184.77,361.26,1000.00,64.26,1,158.16,201.93
407230,252711,208552,252898,208576,-260.56,-406.10,0.00,64.26,1,126.91,201.93
407270,252655,208542,252887,208575,-259.58,-1002.05,0.00,64.26,1,80.14,201.93
407310,252653,208544,252883,208575,-214.50,-1347.88,0.00,64.26,1,27.31,201.93
407350,252705,208568,252885,208577,-133.25,-1403.12,0.00,64.26,1,-18.69,201.93
407390,252748,208580,252889,208579,-74.00,-1289.80,0.00,64.26,1,-51.59,201.93
407430,252787,208590,252894,208582,-28.70,-1081.82,0.00,64.26,1,-70.20,201.93
407470,252810,208594,252898,208585,-4.67,-856.15,0.00,64.26,1,-76.73,201.93
407510,252836,208599,252900,208587,17.48,-621.64,0.00,64.26,1,-75.13,201.93
407550,252849,208591,252901,208588,25.00,-418.88,0.00,64.26,1,-68.66,201.93
407590,252891,208606,252903,208589,54.94,-181.69,0.00,64.26,1,-58.48,201.93
407630,252947,208610,252909,208591,90.97,98.44,0.00,64.26,1,-44.29,201.93
407670,252990,208632,252916,208593,109.86,366.81,0.00,64.26,1,-26.57,201.93
407710,253053,208641,252925,208595,141.75,660.33,0.00,64.26,1,-4.38,201.93
407750,253103,208641,252934,208597,157.23,930.16,0.00,64.26,1,21.21,201.93
407790,253161,208666,252944,208600,176.48,1191.44,0.00,64.26,1,49.06,201.93
407830,253195,208662,252953,208603,172.59,1384.97,0.00,64.26,1,77.85,201.93
407870,253200,208671,252961,208606,145.62,1464.73,0.00,64.26,1,104.54,201.93
407910,253264,208683,252970,208609,171.89,1596.28,0.00,64.26,1,129.83,201.93
407950,253288,208687,252978,208612,160.62,1669.15,0.00,64.26,1,152.30,201.93
407990,253280,208694,252983,208614,125.16,1632.35,0.00,64.26,1,170.58,201.93
408030,253234,208671,252985,208616,64.91,1444.58,0.00,64.26,1,183.32,201.93
408070,253125,208670,252981,208618,-36.16,1031.32,0.00,64.26,1,184.53,201.93
408110,252965,208643,252973,208619,-160.84,379.80,1000.00,64.34,1,169.42,261.27
408150,252838,208627,252965,208621,-236.03,-326.87,0.00,64.34,1,137.28,261.27
408190,252792,208630,252963,208623,-231.27,-865.50,0.00,64.34,1,92.76,261.27
408230,252803,208638,252966,208627,-180.62,-1151.94,0.00,64.34,1,44.51,261.27
408270,252852,208643,252974,208631,-107.94,-1183.47,0.00,64.34,1,2.79,261.27
408310,252906,208655,252984,208635,-44.23,-1039.89,0.00,64.34,1,-25.91,261.27
408350,252942,208657,252994,208639,-6.75,-828.93,0.00,64.34,1,-40.98,261.27
408390,252947,208655,253002,208642,-1.44,-650.36,0.00,64.34,1,-45.79,261.27
408430,252969,208665,253009,208645,16.86,-462.77,0.00,64.34,1,-43.92,261.27
408470,252977,208660,253016,208647,20.39,-307.13,0.00,64.34,1,-38.94,261.27
408510,252991,208663,253022,208650,28.20,-165.11,0.00,64.34,1,-32.60,261.27
408550,252997,208663,253028,208653,28.05,-54.74,0.00,64.34,1,-25.27,261.27
408590,253035,208680,253034,208656,54.16,100.28,0.00,64.34,1,-16.64,261.27
408630,253077,208691,253039,208659,78.84,286.36,0.00,64.34,1,-5.76,261.27
408670,253105,208698,253043,208662,87.61,454.65,0.00,64.34,1,7.26,261.27
408710,253153,208708,253047,208664,111.20,648.20,0.00,64.34,1,23.43,261.27
408750,253169,208695,253050,208667,104.31,780.98,0.00,64.34,1,40.84,261.27
408790,253181,208718,253051,208669,95.38,860.96,0.00,64.34,1,57.69,261.27
408830,253220,208711,253052,208671,110.19,962.44,0.00,64.34,1,74.34,261.27
408870,253220,208694,253053,208671,90.36,989.25,0.00,64.34,1,88.60,261.27
408910,253248,208699,253052,208672,97.05,1027.82,0.00,64.34,1,101.35,261.27
408950,253172,208673,253047,208672,17.27,847.28,0.00,64.34,1,109.14,261.27
408990,253050,208642,253038,208669,-85.88,434.17,1000.00,66.12,1,106.41,154.93
409030,252879,208614,253024,208667,-210.64,-217.44,0.00,66.12,1,88.70,154.93
409070,252772,208609,253010,208665,-260.47,-857.24,0.00,66.12,1,54.35,154.93
409110,252741,208599,253001,208663,-239.00,-1299.61,0.00,66.12,1,9.82,154.93
409150,252756,208605,252998,208662,-183.69,-1498.63,0.00,66.12,1,-36.10,154.93
409190,252836,208628,252999,208662,-85.03,-1393.41,0.00,66.12,1,-71.99,154.93
409230,252876,208628,253002,208662,-36.92,-1184.34,0.00,66.12,1,-93.73,154.93
409270,252898,208632,253004,208661,-12.23,-956.08,0.00,66.12,1,-102.28,154.93
409310,252883,208631,253003,208660,-22.33,-804.69,0.00,66.12,1,-102.00,154.93
409350,252875,208625,253001,208659,-24.88,-693.33,0.00,66.12,1,-98.70,154.93
409390,252885,208624,252998,208658,-12.20,-573.01,0.00,66.12,1,-94.42,154.93
409430,252902,208615,252995,208656,3.94,-436.55,0.00,66.12,1,-89.67,154.93
409470,252921,208628,252993,208654,18.81,-290.85,0.00,66.12,1,-83.21,154.93
409510,252946,208626,252991,208653,35.92,-132.03,0.00,66.12,1,-74.21,154.93
409550,252979,208625,252991,208651,56.52,46.22,0.00,66.12,1,-62.46,154.93
409590,253015,208637,252990,208650,75.86,236.32,0.00,66.12,1,-48.01,154.93
409630,253040,208637,252988,208648,82.70,402.67,0.00,66.12,1,-31.50,154.93
409670,253063,208627,252987,208645,86.67,542.89,0.00,66.12,1,-13.74,154.93
409710,253109,208640,252985,208642,108.80,710.68,0.00,66.12,1,5.23,154.93
409750,253094,208627,252982,208639,76.91,757.36,0.00,66.12,1,22.74,154.93
409790,253123,208634,252980,208636,86.84,820.01,0.00,66.12,1,39.06,154.93
409830,253050,208603,252973,208632,11.36,669.60,0.00,66.12,1,50.27,154.93
409870,252876,208567,252959,208627,-133.36,170.22,1000.00,66.85,1,48.36,152.55
409910,252689,208534,252937,208620,-262.69,-560.73,0.00,66.85,1,29.45,152.55
409950,252602,208529,252914,208614,-286.75,-1194.39,0.00,66.85,1,-6.81,152.55
409990,252586,208529,252895,208610,-248.25,-1587.00,0.00,66.85,1,-53.27,152.55
410030,252644,208542,252886,208607,-156.00,-1649.70,0.00,66.85,1,-97.16,152.55
410070,252705,208572,252883,208605,-77.91,-1492.44,0.00,66.85,1,-128.22,152.55
410110,252742,208571,252883,208604,-33.55,-1252.67,0.00,66.85,1,-144.00,152.55
410150,252765,208571,252884,208603,-8.64,-999.89,0.00,66.85,1,-146.42,152.55
410190,252812,208565,252883,208600,31.45,-696.88,0.00,66.85,1,-139.19,152.55
410230,252858,208574,252882,208598,63.52,-375.88,0.00,66.85,1,-125.39,152.55
410270,252918,208580,252883,208596,101.28,-25.81,0.00,66.85,1,-105.89,152.55
410310,252993,208594,252887,208595,144.55,361.47,0.00,66.85,1,-80.22,152.55
410350,253039,208591,252894,208593,156.25,694.45,0.00,66.85,1,-50.30,152.55
410390,253064,208589,252901,208592,148.62,934.04,0.00,66.85,1,-18.47,152.55
410430,253135,208580,252910,208590,180.09,1204.00,0.00,66.85,1,14.79,152.55
410470,253175,208607,252920,208590,180.48,1415.60,0.00,66.85,1,47.20,152.55
410510,253198,208622,252930,208589,166.86,1544.68,0.00,66.85,1,77.55,152.55
410550,253179,208603,252938,208589,121.25,1524.95,0.00,66.85,1,104.10,152.55
410590,253183,208602,252945,208587,102.70,1460.59,0.00,66.85,1,124.61,152.55
410630,253158,208578,252950,208585,63.72,1307.48,0.00,66.85,1,137.59,152.55
410670,253056,208529,252950,208581,-31.39,936.96,0.00,66.85,1,139.51,152.55
410710,252897,208526,252941,208576,-156.12,318.66,1000.00,67.51,1,127.28,285.94
410750,252782,208507,252929,208571,-222.33,-338.39,0.00,67.51,1,99.62,285.94
410790,252753,208513,252914,208567,-206.09,-808.03,0.00,67.51,1,60.56,285.94
410830,252761,208509,252902,208563,-162.44,-1059.10,0.00,67.51,1,18.00,285.94
410870,252811,208493,252900,208560,-92.20,-1069.51,0.00,67.51,1,-17.93,285.94
410910,252868,208501,252907,208559,-28.86,-910.41,0.00,67.51,1,-41.21,285.94
410950,252922,208518,252920,208558,20.61,-655.71,0.00,67.51,1,-51.18,285.94
410990,252927,208519,252933,208558,21.00,-456.01,0.00,67.51,1,-51.10,285.94
411030,252942,208528,252945,208557,29.52,-277.77,0.00,67.51,1,-44.87,285.94
411070,252959,208535,252955,208556,38.14,-115.97,0.00,67.51,1,-35.77,285.94
411110,252971,208536,252965,208554,41.11,18.07,0.00,67.51,1,-26.35,285.94
411150,252986,208543,252973,208553,46.02,135.58,0.00,67.51,1,-16.42,285.94
411190,253038,208552,252982,208553,80.38,317.94,0.00,67.51,1,-4.73,285.94
411230,253065,208552,252991,208552,88.05,480.44,0.00,67.51,1,8.55,285.94
411270,253105,208557,252998,208551,105.00,651.94,0.00,67.51,1,24.00,285.94
411310,253128,208567,253004,208550,104.95,785.59,0.00,67.51,1,41.18,285.94
411350,253101,208560,253006,208549,63.92,781.51,0.00,67.51,1,56.16,285.94
411390,253112,208572,253008,208548,61.44,771.78,0.00,67.51,1,68.59,285.94
411430,253069,208566,253005,208547,15.12,641.92,0.00,67.51,1,75.50,285.94
411470,253120,208571,253003,208546,54.22,643.83,0.00,67.51,1,79.29,285.94
411500,253038,208562,252997,208543,-22.78,442.05,1000.00,69.77,1,78.39,130.47
411540,252915,208534,252986,208541,-119.55,29.19,0.00,69.77,1,68.44,130.47
411580,252796,208520,252971,208537,-195.61,-493.64,0.00,69.77,1,48.64,130.47
411620,252719,208511,252953,208535,-223.55,-975.20,0.00,69.77,1,16.40,130.47
411660,252709,208514,252939,208534,-191.52,-1266.26,0.00,69.77,1,-21.78,130.47
411700,252753,208532,252934,208534,-120.97,-1307.04,0.00,69.77,1,-56.97,130.47
411740,252787,208546,252934,208536,-71.31,-1207.76,0.00,69.77,1,-83.07,130.47
411780,252788,208561,252935,208538,-57.66,-1094.26,0.00,69.77,1,-98.71,130.47
411820,252785,208560,252936,208540,-49.73,-984.82,0.00,69.77,1,-105.94,130.47
411860,252794,208567,252935,208543,-33.41,-856.35,0.00,69.77,1,-108.17,130.47
411900,252825,208572,252934,208546,-1.97,-673.15,0.00,69.77,1,-106.73,130.47
411940,252866,208576,252931,208548,32.00,-440.58,0.00,69.77,1,-100.87,130.47
411980,252915,208573,252931,208550,66.42,-168.30,0.00,69.77,1,-89.62,130.47
412020,252943,208590,252931,208553,77.42,73.12,0.00,69.77,1,-73.67,130.47
412060,252965,208592,252931,208555,81.53,272.28,0.00,69.77,1,-54.78,130.47
412100,252994,208595,252932,208557,90.64,451.67,0.00,69.77,1,-34.45,130.47
412140,253022,208601,252934,208560,97.28,609.12,0.00,69.77,1,-14.18,130.47
412180,253053,208613,252934,208562,105.19,752.81,0.00,69.77,1,5.87,130.47
412220,253051,208610,252934,208564,84.61,810.56,0.00,69.77,1,24.47,130.47
412260,253058,208613,252932,208567,75.12,830.57,0.00,69.77,1,40.80,130.47
412300,253030,208607,252928,208568,38.64,749.85,0.00,69.77,1,52.86,130.47
412340,253044,208612,252926,208570,43.17,698.86,0.00,69.77,1,60.83,130.47
412380,252987,208600,252921,208571,-11.34,515.16,0.00,69.77,1,63.31,130.47
412420,252864,208580,252912,208572,-110.16,111.01,1000.00,69.57,1,56.24,171.48
412460,252679,208558,252895,208571,-242.03,-552.37,0.00,69.57,1,35.56,171.48
412500,252583,208536,252877,208570,-277.19,-1162.62,0.00,69.57,1,0.37,171.48
412540,252565,208546,252863,208571,-242.05,-1545.85,0.00,69.57,1,-43.66,171.48
412580,252595,208549,252854,208572,-173.88,-1664.79,0.00,69.57,1,-87.38,171.48
412620,252650,208568,252852,208574,-97.48,-1555.90,0.00,69.57,1,-120.31,171.48
412660,252690,208581,252851,208577,-47.14,-1338.05,0.00,69.57,1,-138.99,171.48
412700,252725,208590,252850,208579,-9.95,-1069.96,0.00,69.57,1,-144.45,171.48
412740,252752,208588,252848,208581,13.98,-797.65,0.00,69.57,1,-140.00,171.48
412780,252790,208592,252849,208582,42.62,-509.63,0.00,69.57,1,-128.82,171.48
412820,252791,208586,252849,208583,35.77,-303.09,0.00,69.57,1,-114.36,171.48
412860,252817,208598,252850,208585,50.64,-102.72,0.00,69.57,1,-97.99,171.48
412900,252837,208600,252850,208586,57.92,72.79,0.00,69.57,1,-80.71,171.48
412940,252884,208604,252851,208587,86.03,283.90,0.00,69.57,1,-62.62,171.48
412980,252897,208609,252850,208588,81.20,435.82,0.00,69.57,1,-43.68,171.48
413020,252902,208606,252849,208589,70.69,526.55,0.00,69.57,1,-25.25,171.48
413060,252909,208606,252846,208589,63.70,578.89,0.00,69.57,1,-8.00,171.48
413100,252931,208618,252844,208590,70.28,637.07,0.00,69.57,1,7.08,171.48
413140,252945,208615,252841,208591,69.11,679.37,0.00,69.57,1,20.34,171.48
413180,252909,208592,252835,208590,27.16,601.60,0.00,69.57,1,30.33,171.48
413220,252930,208596,252830,208590,39.48,573.49,0.00,69.57,1,38.31,171.48
413260,252849,208576,252822,208588,-34.05,357.44,0.00,69.57,1,40.38,171.48
413300,252675,208559,252808,208586,-170.59,-171.57,1000.00,69.97,1,30.18,184.83
413340,252498,208519,252786,208582,-285.03,-886.31,0.00,69.97,1,5.04,184.83
413380,252438,208516,252764,208579,-282.92,-1438.23,0.00,69.97,1,-34.37,184.83
413420,252433,208517,252746,208577,-236.09,-1745.11,0.00,69.97,1,-80.83,184.83
413460,252475,208531,252738,208575,-159.16,-1781.36,0.00,69.97,1,-122.99,184.83
413500,252525,208534,252736,208575,-89.52,-1625.78,0.00,69.97,1,-151.91,184.83
413540,252545,208549,252735,208575,-57.00,-1418.59,0.00,69.97,1,-167.11,184.83
413580,252550,208547,252733,208575,-42.64,-1219.07,0.00,69.97,1,-171.32,184.83
413620,252582,208559,252731,208575,-8.72,-973.89,0.00,69.97,1,-167.61,184.83
413660,252629,208560,252728,208574,31.39,-676.76,0.00,69.97,1,-158.08,184.83
413700,252681,208566,252726,208573,68.38,-347.37,0.00,69.97,1,-142.99,184.83
413740,252730,208572,252726,208573,96.25,-16.85,0.00,69.97,1,-122.10,184.83
413780,252795,208579,252726,208572,132.22,335.92,0.00,69.97,1,-95.76,184.83
413820,252876,208597,252729,208573,174.84,723.60,0.00,69.97,1,-64.28,184.83
413860,252946,208610,252734,208573,200.77,1094.43,0.00,69.97,1,-28.64,184.83
413900,252984,208607,252740,208573,195.78,1370.52,0.00,69.97,1,9.18,184.83
413940,253042,208616,252747,208574,208.09,1618.37,0.00,69.97,1,47.80,184.83
413980,253067,208613,252753,208574,191.14,1766.94,0.00,69.97,1,84.15,184.83
414020,253048,208600,252759,208574,141.16,1750.87,0.00,69.97,1,114.59,184.83
414060,253102,208611,252767,208574,160.03,1788.16,0.00,69.97,1,140.79,184.83
414100,253023,208588,252771,208573,66.45,1570.20,0.00,69.97,1,157.73,184.83
414140,252880,208566,252768,208571,-62.77,1059.05,0.00,69.97,1,160.51,184.83
414180,252735,208537,252761,208569,-170.38,376.27,1000.00,69.57,1,147.33,331.83
414220,252676,208514,252751,208565,-188.09,-203.07,0.00,69.57,1,117.63,331.83
414260,252674,208531,252744,208563,-155.88,-569.91,0.00,69.57,1,79.08,331.83
414300,252725,208532,252746,208562,-86.00,-671.57,0.00,69.57,1,42.44,331.83
414340,252800,208547,252758,208563,-9.02,-547.62,0.00,69.57,1,16.88,331.83
414380,252823,208555,252773,208565,11.47,-396.87,0.00,69.57,1,3.44,331.83
414420,252847,208564,252790,208567,29.08,-232.79,0.00,69.57,1,0.42,331.83
414460,252860,208558,252805,208568,34.50,-90.50,0.00,69.57,1,3.72,331.83
414500,252902,208573,252820,208570,62.73,95.03,0.00,69.57,1,10.38,331.83
414540,252925,208568,252836,208570,70.30,259.71,0.00,69.57,1,19.47,331.83
414580,252982,208571,252853,208571,104.39,478.16,0.00,69.57,1,31.64,331.83
414620,253003,208584,252870,208572,102.81,644.39,0.00,69.57,1,46.29,331.83
414660,253028,208591,252886,208574,104.81,779.33,0.00,69.57,1,61.89,331.83
414700,253055,208569,252901,208574,108.09,893.25,0.00,69.57,1,78.15,331.83
414740,253108,208590,252916,208574,132.09,1045.46,0.00,69.57,1,94.50,331.83
414780,253140,208586,252930,208575,134.56,1170.70,0.00,69.57,1,111.15,331.83
414820,253137,208599,252940,208575,107.88,1197.94,0.00,69.57,1,126.62,331.83
414860,253143,208599,252948,208574,93.38,1180.90,0.00,69.57,1,140.12,331.83
414900,253159,208612,252955,208574,89.69,1157.88,0.00,69.57,1,150.39,331.83
414940,253166,208609,252960,208574,79.28,1112.45,0.00,69.57,1,157.05,331.83
414980,253170,208607,252964,208574,68.30,1048.01,0.00,69.57,1,161.18,331.83
415020,253107,208585,252966,208573,4.34,828.92,1000.00,68.77,1,160.48,160.76
415060,252974,208563,252961,208571,-105.50,368.04,0.00,68.77,1,149.99,160.76
415100,252870,208537,252955,208569,-171.80,-166.48,0.00,68.77,1,127.66,160.76
415140,252834,208536,252953,208568,-170.39,-579.68,0.00,68.77,1,95.06,160.76
415180,252815,208539,252956,208568,-155.30,-862.14,0.00,68.77,1,57.02,160.76
415220,252868,208561,252964,208570,-83.89,-893.94,0.00,68.77,1,23.10,160.76
415260,252940,208575,252975,208572,-9.75,-723.01,0.00,68.77,1,0.09,160.76
415300,252991,208567,252985,208573,33.83,-474.64,0.00,68.77,1,-10.78,160.76
415340,253008,208577,252994,208575,41.67,-260.21,0.00,68.77,1,-10.83,160.76
415380,253021,208565,253002,208575,44.83,-84.62,0.00,68.77,1,-4.38,160.76
415420,253056,208592,253010,208576,65.45,106.80,0.00,68.77,1,5.35,160.76
415460,253071,208602,253018,208578,65.97,257.46,0.00,68.77,1,15.93,160.76
415500,253090,208624,253026,208580,69.67,384.75,0.00,68.77,1,27.07,160.76
415540,253120,208621,253034,208582,81.73,515.88,0.00,68.77,1,39.18,160.76
415580,253108,208631,253039,208584,57.19,553.37,0.00,68.77,1,49.91,160.76
415620,253153,208635,253045,208586,83.80,652.85,0.00,68.77,1,60.68,160.76
415660,253212,208646,253052,208589,117.09,818.35,0.00,68.77,1,72.98,160.76
415700,253272,208662,253061,208592,145.22,1021.69,0.00,68.77,1,87.50,160.76
415740,253290,208659,253068,208595,133.84,1150.27,0.00,68.77,1,104.73,160.76
415780,253304,208683,253075,208599,121.23,1217.27,0.00,68.77,1,122.47,160.76
415820,253284,208671,253081,208602,83.02,1168.63,0.00,68.77,1,137.07,160.76
415860,253270,208664,253086,208604,56.59,1060.94,0.00,68.77,1,146.03,160.76
415900,253222,208645,253088,208606,7.05,846.14,0.00,68.77,1,147.87,160.76
415930,253056,208613,253084,208606,-130.34,315.88,1000.00,68.57,1,136.86,158.70
415970,252818,208591,253070,208605,-302.05,-551.02,0.00,68.57,1,107.29,158.70
416010,252673,208579,253052,208605,-366.58,-1397.56,0.00,68.57,1,58.73,158.70
416050,252624,208573,253038,208605,-340.78,-1989.76,0.00,68.57,1,-3.51,158.70
416090,252635,208575,253029,208607,-270.42,-2265.93,0.00,68.57,1,-67.85,158.70
416130,252680,208586,253023,208609,-184.84,-2255.41,0.00,68.57,1,-121.12,158.70
416170,252732,208599,253019,208611,-108.94,-2046.81,0.00,68.57,1,-157.12,158.70
416210,252766,208599,253015,208613,-61.45,-1758.75,0.00,68.57,1,-176.14,158.70
416250,252754,208598,253008,208614,-60.23,-1530.85,0.00,68.57,1,-183.02,158.70
416290,252766,208608,252999,208615,-39.55,-1298.46,0.00,68.57,1,-182.02,158.70
416330,252798,208610,252991,208617,-6.19,-1029.14,0.00,68.57,1,-175.91,158.70
416370,252838,208622,252983,208619,27.72,-729.55,0.00,68.57,1,-165.79,158.70
416410,252892,208618,252977,208620,67.02,-392.13,0.00,68.57,1,-150.05,158.70
416450,252928,208627,252971,208621,84.47,-82.86,0.00,68.57,1,-129.31,158.70
416490,252963,208646,252966,208622,97.97,194.01,0.00,68.57,1,-104.97,158.70
416530,252982,208655,252960,208623,95.92,404.56,0.00,68.57,1,-79.14,158.70
416570,253012,208660,252956,208624,103.25,588.14,0.00,68.57,1,-53.54,158.70
416610,253017,208655,252951,208625,88.77,693.09,0.00,68.57,1,-29.78,158.70
416650,253042,208665,252944,208626,93.28,786.87,0.00,68.57,1,-8.15,158.70
416690,253045,208667,252935,208626,78.95,822.20,0.00,68.57,1,10.89,158.70
416730,252992,208653,252923,208626,21.28,697.49,0.00,68.57,1,24.27,158.70
416770,252989,208651,252911,208625,14.98,583.60,0.00,68.57,1,32.86,158.70
416810,252902,208639,252895,208623,-59.05,299.33,0.00,68.57,1,33.07,158.70
416850,252754,208609,252875,208621,-169.78,-214.75,1000.00,67.61,1,20.70,216.09
416890,252627,208589,252851,208619,-243.36,-809.97,0.00,67.61,1,-4.04,216.09
416930,252590,208594,252832,208618,-229.89,-1238.69,0.00,67.61,1,-39.16,216.09
416970,252589,208598,252823,208619,-189.33,-1466.00,0.00,67.61,1,-78.05,216.09
417010,252610,208594,252821,208619,-138.03,-1507.89,0.00,67.61,1,-112.22,216.09
417050,252676,208609,252823,208621,-59.06,-1332.08,0.00,67.61,1,-134.36,216.09
417090,252723,208614,252826,208622,-9.89,-1065.13,0.00,67.61,1,-143.62,216.09
417130,252741,208620,252829,208623,6.66,-813.23,0.00,67.61,1,-142.24,216.09
417170,252755,208613,252830,208624,16.94,-589.60,0.00,67.61,1,-133.15,216.09
417210,252804,208623,252831,208625,54.06,-317.17,0.00,67.61,1,-119.08,216.09
417250,252833,208621,252834,208626,68.11,-67.58,0.00,67.61,1,-102.19,216.09
417290,252888,208623,252839,208627,100.95,213.80,0.00,67.61,1,-81.90,216.09
417330,252937,208628,252845,208627,122.97,491.40,0.00,67.61,1,-57.87,216.09
417370,253006,208634,252851,208628,157.42,798.89,0.00,67.61,1,-30.55,216.09
417410,253057,208638,252858,208629,170.91,1074.33,0.00,67.61,1,-0.22,216.09
417450,253105,208647,252865,208629,179.50,1311.85,0.00,67.61,1,31.64,216.09
417490,253147,208648,252872,208629,181.62,1502.74,0.00,67.61,1,63.92,216.09
417530,253169,208651,252880,208629,166.97,1612.93,0.00,67.61,1,94.09,216.09
417570,253134,208637,252885,208628,108.22,1543.78,0.00,67.61,1,118.69,216.09
417610,253173,208639,252891,208628,120.72,1522.85,0.00,67.61,1,138.35,216.09
417650,253103,208619,252893,208626,41.59,1297.63,0.00,67.61,1,149.37,216.09
417690,252987,208593,252891,208623,-61.02,851.07,1000.00,68.38,1,148.00,292.99
417730,252821,208571,252884,208620,-186.16,172.38,0.00,68.38,1,131.88,292.99
417770,252782,208585,252876,208617,-184.62,-352.95,0.00,68.38,1,101.62,292.99
417810,252772,208574,252871,208614,-159.59,-696.63,0.00,68.38,1,63.63,292.99
417850,252793,208576,252872,208613,-113.64,-843.38,0.00,68.38,1,26.03,292.99
417890,252876,208594,252882,208613,-25.12,-724.17,0.00,68.38,1,-0.44,292.99
417930,252896,208587,252895,208613,-4.20,-575.95,0.00,68.38,1,-15.68,292.99
417970,252913,208589,252908,208613,10.50,-421.52,0.00,68.38,1,-21.12,292.99
418010,252891,208584,252919,208612,-9.44,-353.70,0.00,68.38,1,-20.86,292.99
418050,252896,208582,252928,208611,-3.64,-285.50,0.00,68.38,1,-19.53,292.99
418090,252922,208576,252936,208610,18.33,-174.30,0.00,68.38,1,-17.18,292.99
418130,252974,208587,252945,208608,57.67,16.30,0.00,68.38,1,-12.63,292.99
418170,253014,208594,252955,208608,80.09,224.16,0.00,68.38,1,-3.92,292.99
418210,253060,208609,252965,208607,103.39,447.80,0.00,68.38,1,9.50,292.99
418250,253089,208610,252976,208607,108.56,635.89,0.00,68.38,1,26.39,292.99
418290,253155,208621,252986,208606,143.14,873.88,0.00,68.38,1,46.25,292.99
418330,253167,208628,252996,208606,127.22,1017.49,0.00,68.38,1,66.90,292.99
418370,253198,208629,253003,208606,129.73,1136.14,0.00,68.38,1,87.23,292.99
418410,253198,208636,253009,208606,106.38,1167.02,0.00,68.38,1,105.82,292.99
418450,253173,208623,253012,208605,66.73,1086.45,0.00,68.38,1,119.07,292.99
418490,253208,208630,253014,208604,83.42,1067.67,0.00,68.38,1,129.05,292.99
418530,253132,208618,253013,208603,6.08,848.83,0.00,68.38,1,131.99,292.99
418570,253022,208598,253008,208602,-85.22,437.11,1000.00,67.61,1,125.02,153.11
418610,252885,208576,252997,208599,-182.22,-140.11,0.00,67.61,1,106.04,153.11
418650,252820,208571,252985,208597,-202.72,-644.47,0.00,67.61,1,74.13,153.11
418690,252812,208571,252978,208596,-172.80,-958.87,0.00,67.61,1,35.74,153.11
418730,252850,208583,252979,208597,-110.53,-1039.72,0.00,67.61,1,-0.86,153.11
418770,252895,208593,252984,208597,-53.73,-952.84,0.00,67.61,1,-28.04,153.11
418810,252926,208606,252990,208598,-18.64,-792.43,0.00,67.61,1,-43.75,153.11
418850,252951,208610,252996,208600,5.22,-604.31,0.00,67.61,1,-49.22,153.11
418890,252948,208619,252999,208601,1.81,-466.58,0.00,67.61,1,-48.58,153.11
418930,252957,208618,253002,208602,8.86,-340.54,0.00,67.61,1,-44.83,153.11
418970,252981,208633,253004,208604,26.94,-194.51,0.00,67.61,1,-39.08,153.11
419010,253024,208632,253010,208606,57.34,-0.33,0.00,67.61,1,-31.15,153.11
419050,253053,208640,253016,208608,70.80,186.65,0.00,67.61,1,-20.38,153.11
419090,253058,208646,253022,208611,62.16,309.68,0.00,67.61,1,-7.77,153.11
419130,253113,208651,253027,208613,96.06,495.15,0.00,67.61,1,7.31,153.11
419170,253126,208658,253032,208616,89.44,622.33,0.00,67.61,1,22.81,153.11
419210,253169,208659,253036,208618,108.59,772.11,0.00,67.61,1,38.98,153.11
419250,253158,208656,253039,208620,80.03,813.53,0.00,67.61,1,54.75,153.11
419290,253162,208666,253039,208622,68.91,816.46,0.00,67.61,1,67.89,153.11
419330,253174,208691,253039,208624,66.34,811.99,0.00,67.61,1,78.81,153.11
419370,253147,208679,253037,208626,32.27,718.53,0.00,67.61,1,85.01,153.11
419410,253175,208692,253036,208628,49.42,690.93,0.00,67.61,1,89.16,153.11
419450,253076,208667,253032,208630,-40.66,431.59,1000.00,68.38,1,87.45,138.38
419490,252939,208617,253022,208630,-145.67,-47.93,0.00,68.38,1,75.17,138.38
419530,252772,208596,253007,208629,-256.39,-714.26,0.00,68.38,1,49.30,138.38
419570,252689,208584,252994,208628,-278.30,-1291.82,0.00,68.38,1,8.96,138.38
419610,252639,208597,252984,208629,-269.20,-1718.32,0.00,68.38,1,-39.70,138.38
419650,252645,208610,252977,208630,-215.83,-1910.08,0.00,68.38,1,-88.00,138.38
419690,252650,208595,252971,208631,-172.88,-1946.25,0.00,68.38,1,-128.23,138.38
419730,252668,208597,252963,208632,-127.00,-1853.35,0.00,68.38,1,-157.60,138.38
419770,252673,208600,252954,208632,-100.05,-1709.74,0.00,68.38,1,-176.08,138.38
419810,252682,208620,252945,208633,-74.66,-1530.69,0.00,68.38,1,-185.95,138.38
419850,252694,208628,252934,208634,-51.38,-1329.57,0.00,68.38,1,-188.90,138.38
419890,252692,208638,252924,208634,-43.77,-1152.60,0.00,68.38,1,-187.41,138.38
419930,252682,208652,252913,208636,-44.09,-1015.44,0.00,68.38,1,-183.21,138.38
419970,252668,208659,252901,208637,-47.64,-917.81,0.00,68.38,1,-177.99,138.38
420010,252732,208661,252889,208638,13.42,-680.46,0.00,68.38,1,-169.91,138.38
420050,252803,208678,252879,208639,69.22,-348.02,0.00,68.38,1,-156.78,138.38
420090,252886,208690,252872,208641,124.81,58.05,0.00,68.38,1,-136.17,138.38
420130,252875,208682,252863,208642,93.33,291.66,0.00,68.38,1,-110.08,138.38
420170,252848,208692,252851,208644,54.39,371.09,0.00,68.38,1,-84.02,138.38
420210,252855,208694,252839,208645,50.34,422.36,0.00,68.38,1,-60.99,138.38
420250,252755,208686,252823,208646,-40.72,221.94,0.00,68.38,1,-48.17,138.38
420290,252810,208694,252809,208647,11.70,204.01,0.00,68.38,1,-40.49,138.38
420320,252722,208669,252791,208647,-62.56,-6.04,0.00,68.38,1,-39.33,138.38
420360,252544,208643,252766,208645,-197.27,-525.49,1000.00,67.51,1,-50.76,149.57
420400,252397,208622,252735,208642,-282.30,-1155.15,0.00,67.51,1,-73.48,149.57
420440,252338,208625,252706,208641,-279.86,-1639.84,0.00,67.51,1,-109.10,149.57
420480,252337,208619,252682,208641,-230.30,-1887.06,0.00,67.51,1,-150.34,149.57
420520,252415,208659,252667,208643,-124.89,-1801.62,0.00,67.51,1,-184.63,149.57
420560,252485,208672,252659,208647,-45.02,-1524.10,0.00,67.51,1,-204.20,149.57
420600,252515,208683,252654,208650,-12.31,-1221.31,0.00,67.51,1,-208.69,149.57
420640,252518,208686,252649,208653,-7.64,-972.79,0.00,67.51,1,-201.58,149.57
420680,252517,208686,252644,208657,-7.08,-777.46,0.00,67.51,1,-189.08,149.57
420720,252556,208697,252639,208661,26.17,-537.33,0.00,67.51,1,-174.00,149.57
420760,252612,208701,252637,208665,67.38,-241.24,0.00,67.51,1,-156.10,149.57
420800,252688,208720,252637,208669,117.56,122.19,0.00,67.51,1,-133.31,149.57
420840,252755,208722,252640,208673,151.34,494.86,0.00,67.51,1,-104.34,149.57
420880,252806,208731,252644,208676,165.92,824.02,0.00,67.51,1,-70.64,149.57
420920,252864,208736,252652,208680,183.61,1127.47,0.00,67.51,1,-33.76,149.57
420960,252926,208743,252662,208683,201.41,1411.14,0.00,67.51,1,4.40,149.57
421000,252965,208740,252671,208686,197.14,1621.14,0.00,67.51,1,41.81,149.57
421040,253001,208750,252679,208689,191.17,1769.18,0.00,67.51,1,77.51,149.57
421080,252993,208743,252683,208691,150.20,1776.50,0.00,67.51,1,108.67,149.57
421120,253027,208752,252689,208694,151.05,1784.43,0.00,67.51,1,134.79,149.57
421160,252993,208736,252695,208696,95.98,1645.26,0.00,67.51,1,153.71,149.57
421200,252890,208720,252697,208697,-5.75,1268.12,0.00,67.51,1,161.18,149.57
421240,252714,208683,252695,208697,-149.03,595.69,1000.00,67.99,1,152.94,369.86
421280,252594,208677,252686,208696,-220.61,-117.77,0.00,67.99,1,126.60,369.86
421320,252582,208677,252681,208696,-190.73,-595.40,0.00,67.99,1,87.88,369.86
421360,252596,208685,252683,208698,-144.92,-847.01,0.00,67.99,1,45.24,369.86
421400,252674,208701,252694,208701,-54.88,-805.53,0.00,67.99,1,10.77,369.86
421440,252722,208709,252709,208705,-5.64,-643.21,0.00,67.99,1,-10.10,369.86
421480,252750,208720,252726,208709,18.33,-453.32,0.00,67.99,1,-18.74,369.86
421520,252774,208725,252740,208711,34.70,-261.97,0.00,67.99,1,-17.62,369.86
421560,252802,208707,252753,208713,51.42,-68.58,0.00,67.99,1,-11.22,369.86
421600,252854,208720,252766,208714,84.81,170.41,0.00,67.99,1,-0.77,369.86
421640,252902,208731,252782,208716,108.91,420.43,0.00,67.99,1,13.42,369.86
421680,252940,208751,252799,208719,120.47,645.97,0.00,67.99,1,30.80,369.86
421720,252969,208744,252815,208720,122.56,827.43,0.00,67.99,1,50.39,369.86
421760,253003,208753,252831,208723,128.38,984.30,0.00,67.99,1,70.60,369.86
421800,253051,208757,252845,208724,144.62,1149.57,0.00,67.99,1,91.01,369.86
421840,253096,208766,252859,208726,155.50,1307.18,0.00,67.99,1,111.55,369.86
421880,253112,208770,252871,208727,140.62,1390.85,0.00,67.99,1,131.36,369.86
421920,253125,208771,252882,208729,125.97,1417.42,0.00,67.99,1,149.46,369.86
421960,253165,208781,252891,208730,136.09,1464.88,0.00,67.99,1,165.69,369.86
422000,253151,208772,252899,208732,100.11,1406.89,0.00,67.99,1,177.82,369.86
422040,253205,208789,252907,208733,126.38,1431.01,0.00,67.99,1,188.26,369.86
422080,253120,208776,252912,208734,33.92,1205.74,0.00,67.99,1,193.22,369.86
422120,252967,208739,252910,208734,-97.64,682.70,1000.00,67.99,1,185.98,211.95
422160,252818,208716,252903,208733,-202.25,-1.43,0.00,67.99,1,164.05,211.95
422200,252777,208712,252898,208733,-199.47,-527.71,0.00,67.99,1,127.43,211.95
422240,252792,208718,252901,208734,-151.27,-810.96,0.00,67.99,1,84.39,211.95
422280,252827,208734,252910,208736,-95.34,-884.25,0.00,67.99,1,44.91,211.95
422320,252899,208740,252923,208739,-19.14,-740.25,0.00,67.99,1,17.83,211.95
422360,252928,208742,252936,208741,8.08,-556.07,0.00,67.99,1,3.40,211.95
422400,252950,208740,252947,208743,24.66,-368.64,0.00,67.99,1,-0.99,211.95
422440,252954,208730,252957,208744,23.50,-225.50,0.00,67.99,1,0.96,211.95
422480,252972,208734,252966,208744,34.03,-86.05,0.00,67.99,1,5.45,211.95
422520,252983,208739,252974,208745,36.92,30.36,0.00,67.99,1,11.03,211.95
422560,253023,208755,252983,208747,63.08,190.20,0.00,67.99,1,18.10,211.95
422600,253063,208752,252991,208748,84.53,371.52,0.00,67.99,1,27.69,211.95
422640,253106,208768,252999,208749,104.58,565.87,0.00,67.99,1,40.07,211.95
422680,253108,208769,253006,208750,87.39,672.09,0.00,67.99,1,54.01,211.95
422720,253168,208771,253014,208751,120.86,843.30,0.00,67.99,1,69.75,211.95
422760,253207,208786,253022,208753,131.08,1003.82,0.00,67.99,1,86.58,211.95
422800,253230,208785,253029,208754,126.34,1116.53,0.00,67.99,1,103.17,211.95
422840,253247,208804,253035,208755,117.55,1181.22,0.00,67.99,1,119.95,211.95
422880,253275,208804,253042,208757,119.34,1236.42,0.00,67.99,1,135.31,211.95
422920,253242,208793,253047,208757,70.80,1151.31,0.00,67.99,1,146.40,211.95
422960,253273,208795,253051,208758,83.47,1118.38,0.00,67.99,1,154.44,211.95
423000,253203,208789,253053,208759,11.05,901.50,0.00,67.99,1,156.46,211.95
423040,253067,208763,253047,208758,-102.47,432.65,1000.00,67.23,1,147.11,157.45
423080,252877,208736,253038,208756,-239.83,-295.68,0.00,67.23,1,122.84,157.45
423120,252770,208724,253030,208755,-284.41,-981.46,0.00,67.23,1,81.93,157.45
423160,252739,208718,253027,208756,-258.64,-1448.35,0.00,67.23,1,30.68,157.45
423200,252742,208745,253025,208757,-209.62,-1683.12,0.00,67.23,1,-21.88,157.45
423240,252790,208751,253025,208758,-132.53,-1662.72,0.00,67.23,1,-64.81,157.45
423280,252840,208775,253026,208760,-67.67,-1475.57,0.00,67.23,1,-93.37,157.45
423320,252860,208773,253024,208761,-39.09,-1254.16,0.00,67.23,1,-108.56,157.45
423360,252857,208784,253021,208763,-34.52,-1069.36,0.00,67.23,1,-113.70,157.45
423400,252857,208773,253018,208764,-28.30,-908.81,0.00,67.23,1,-113.16,157.45
423440,252868,208780,253014,208766,-14.19,-746.32,0.00,67.23,1,-109.97,157.45
423480,252928,208782,253012,208768,37.56,-482.97,0.00,67.23,1,-103.16,157.45
423520,252983,208786,253012,208770,75.91,-176.32,0.00,67.23,1,-91.32,157.45
423560,253007,208792,253012,208771,81.92,78.74,0.00,67.23,1,-74.86,157.45
423600,253050,208795,253011,208773,102.44,331.85,0.00,67.23,1,-53.83,157.45
423640,253054,208788,253009,208774,87.28,489.27,0.00,67.23,1,-31.98,157.45
423680,253017,208789,253006,208775,41.23,490.49,0.00,67.23,1,-13.62,157.45
423720,253008,208799,252999,208776,26.44,452.38,0.00,67.23,1,0.46,157.45
423760,253017,208803,252992,208777,29.06,429.58,0.00,67.23,1,9.72,157.45
423800,253028,208798,252983,208777,32.84,421.78,0.00,67.23,1,15.48,157.45
423840,253001,208773,252974,208776,4.80,341.65,0.00,67.23,1,18.94,157.45
423880,252999,208770,252963,208774,2.30,272.55,0.00,67.23,1,20.91,157.45
423920,252931,208757,252950,208773,-53.88,70.36,1000.00,67.89,1,18.53,134.61
423960,252786,208758,252931,208772,-163.08,-375.65,0.00,67.89,1,6.45,134.61
424000,252613,208740,252907,208770,-275.58,-1020.53,0.00,67.89,1,-18.82,134.61
424040,252484,208712,252884,208768,-331.75,-1671.83,0.00,67.89,1,-58.93,134.61
424080,252473,208680,252868,208765,-281.06,-2046.03,0.00,67.89,1,-107.30,134.61
424120,252519,208705,252858,208765,-192.75,-2104.77,0.00,67.89,1,-153.31,134.61
424160,252607,208717,252852,208765,-85.89,-1868.47,0.00,67.89,1,-186.05,134.61
424200,252668,208736,252849,208764,-20.41,-1511.28,0.00,67.89,1,-200.45,134.61
424240,252663,208747,252844,208764,-20.83,-1233.78,0.00,67.89,1,-200.57,134.61
424280,252636,208750,252836,208763,-39.22,-1065.89,0.00,67.89,1,-192.92,134.61
424320,252641,208745,252827,208762,-28.06,-905.48,0.00,67.89,1,-182.97,134.61
424360,252639,208746,252819,208760,-24.66,-771.37,0.00,67.89,1,-174.02,134.61
424400,252678,208757,252811,208760,11.77,-570.60,0.00,67.89,1,-164.15,134.61
424440,252730,208766,252806,208759,52.28,-307.05,0.00,67.89,1,-150.44,134.61
424480,252783,208780,252800,208759,86.33,-11.59,0.00,67.89,1,-132.06,134.61
424520,252838,208779,252794,208759,115.89,296.91,0.00,67.89,1,-108.05,134.61
424560,252854,208786,252788,208759,108.16,517.12,0.00,67.89,1,-81.09,134.61
424600,252902,208793,252782,208758,128.05,741.40,0.00,67.89,1,-52.47,134.61
424640,252965,208790,252779,208759,156.66,991.86,0.00,67.89,1,-22.58,134.61
424680,253037,208803,252780,208759,187.50,1268.65,0.00,67.89,1,8.52,134.61
424710,253119,208807,252784,208759,220.98,1572.95,0.00,67.89,1,42.84,134.61
424750,253113,208807,252788,208760,176.28,1692.28,0.00,67.89,1,76.85,134.61
424790,253153,208804,252793,208760,177.34,1788.17,0.00,67.89,1,109.18,134.61
424830,253100,208793,252797,208761,101.97,1663.97,0.00,67.89,1,134.60,134.61
424870,252966,208786,252795,208761,-26.27,1228.55,0.00,67.89,1,145.51,134.61
424910,252798,208745,252790,208761,-159.30,537.73,1000.00,65.66,1,138.61,346.08
424950,252686,208729,252786,208760,-222.47,-167.89,0.00,65.66,1,112.07,346.08
424990,252677,208735,252789,208759,-189.80,-632.02,0.00,65.66,1,72.92,346.08
425030,252710,208737,252798,208760,-128.58,-832.42,0.00,65.66,1,31.74,346.08
425070,252784,208758,252810,208764,-44.75,-767.43,0.00,65.66,1,-0.37,346.08
425110,252820,208762,252822,208766,-7.17,-617.53,0.00,65.66,1,-19.04,346.08
425150,252869,208769,252833,208768,34.30,-391.13,0.00,65.66,1,-24.89,346.08
425190,252884,208779,252841,208770,40.42,-198.37,0.00,65.66,1,-21.75,346.08
425230,252924,208785,252852,208771,65.95,19.39,0.00,65.66,1,-13.27,346.08
425270,252964,208782,252865,208772,86.88,244.48,0.00,65.66,1,-0.73,346.08
425310,253005,208792,252879,208774,104.86,467.52,0.00,65.66,1,14.38,346.08
425350,253067,208802,252897,208777,136.83,725.89,0.00,65.66,1,33.15,346.08
425390,253083,208799,252913,208778,125.31,897.02,0.00,65.66,1,53.41,346.08
425430,253129,208808,252929,208780,140.47,1070.51,0.00,65.66,1,74.76,346.08
425470,253182,208811,252945,208781,158.64,1253.81,0.00,65.66,1,97.11,346.08
425510,253224,208823,252960,208783,164.53,1412.34,0.00,65.66,1,119.08,346.08
425550,253258,208827,252976,208785,162.80,1531.41,0.00,65.66,1,141.18,346.08
425590,253271,208824,252991,208786,144.16,1575.07,0.00,65.66,1,161.70,346.08
425630,253294,208833,253004,208788,137.06,1590.40,0.00,65.66,1,179.49,346.08
425670,253300,208833,253015,208789,117.31,1550.22,0.00,65.66,1,193.47,346.08
425710,253277,208824,253021,208789,77.34,1413.36,0.00,65.66,1,202.02,346.08
425750,253305,208828,253029,208790,86.38,1330.45,0.00,65.66,1,206.97,346.08
425790,253233,208812,253032,208791,11.78,1068.85,1000.00,65.40,1,205.19,231.86
425830,253103,208799,253032,208791,-96.94,577.79,0.00,65.40,1,192.74,231.86
425870,252976,208789,253032,208791,-183.62,-34.09,0.00,65.40,1,168.12,231.86
425910,252901,208774,253037,208792,-212.08,-586.48,0.00,65.40,1,130.39,231.86
425950,252894,208776,253045,208794,-179.64,-931.71,0.00,65.40,1,86.02,231.86
425990,252931,208784,253055,208796,-116.97,-1035.53,0.00,65.40,1,44.19,231.86
426030,252962,208804,253065,208799,-70.50,-993.83,0.00,65.40,1,11.41,231.86
426070,253016,208810,253074,208801,-13.53,-810.91,0.00,65.40,1,-8.72,231.86
426110,253040,208817,253083,208803,8.58,-609.86,0.00,65.40,1,-17.73,231.86
426150,253058,208825,253091,208805,21.80,-418.15,0.00,65.40,1,-19.02,231.86
426190,253076,208823,253098,208807,32.64,-239.99,0.00,65.40,1,-14.99,231.86
426230,253113,208827,253106,208809,57.11,-36.42,0.00,65.40,1,-7.73,231.86
426270,253151,208839,253113,208811,77.98,177.47,0.00,65.40,1,2.46,231.86
426310,253174,208842,253120,208813,82.81,357.05,0.00,65.40,1,14.91,231.86
426350,253223,208846,253126,208815,108.09,563.87,0.00,65.40,1,30.18,231.86
426390,253258,208851,253133,208817,117.34,749.60,0.00,65.40,1,47.27,231.86
426430,253283,208859,253140,208819,116.72,892.83,0.00,65.40,1,64.94,231.86
426470,253308,208873,253145,208821,116.20,1003.18,0.00,65.40,1,82.88,231.86
426510,253329,208878,253149,208823,112.50,1079.48,0.00,65.40,1,99.62,231.86
426550,253347,208880,253152,208826,107.02,1124.52,0.00,65.40,1,114.49,231.86
426590,253315,208880,253154,208828,61.52,1039.53,0.00,65.40,1,125.39,231.86
426630,253314,208871,253155,208829,49.62,941.84,0.00,65.40,1,132.05,231.86
426670,253283,208875,253154,208831,15.27,774.94,0.00,65.40,1,133.27,231.86
426710,253285,208875,253155,208833,14.16,641.82,1000.00,64.69,1,129.71,152.29
426750,253219,208868,253151,208835,-42.52,388.38,0.00,64.69,1,121.18,152.29
426790,253071,208845,253145,208836,-156.22,-109.48,0.00,64.69,1,102.94,152.29
426830,252854,208814,253135,208837,-306.05,-893.36,0.00,64.69,1,69.93,152.29
426870,252729,208796,253125,208837,-353.45,-1629.94,0.00,64.69,1,21.01,152.29
426910,252696,208796,253117,208838,-316.89,-2107.94,0.00,64.69,1,-37.86,152.29
426950,252687,208793,253108,208838,-267.23,-2349.69,0.00,64.69,1,-97.62,152.29
426990,252759,208816,253102,208840,-160.09,-2255.41,0.00,64.69,1,-145.23,152.29
427030,252810,208816,253095,208840,-89.45,-1995.37,0.00,64.69,1,-175.70,152.29
427070,252856,208840,253089,208841,-35.62,-1650.44,0.00,64.69,1,-189.54,152.29
427110,252930,208855,253085,208843,31.47,-1204.27,0.00,64.69,1,-187.19,152.29
427150,252926,208859,253079,208844,22.53,-879.85,0.00,64.69,1,-175.80,152.29
427190,252942,208847,253074,208845,31.59,-602.87,0.00,64.69,1,-159.22,152.29
427230,252930,208849,253067,208846,16.06,-427.84,0.00,64.69,1,-141.35,152.29
427270,252943,208842,253058,208846,23.83,-270.81,0.00,64.69,1,-125.29,152.29
427310,252982,208858,253051,208847,51.52,-75.23,0.00,64.69,1,-109.06,152.29
427350,253038,208860,253043,208847,88.16,174.06,0.00,64.69,1,-91.27,152.29
427390,253073,208880,253036,208849,100.98,402.36,0.00,64.69,1,-70.61,152.29
427430,253109,208879,253029,208849,112.33,610.39,0.00,64.69,1,-47.14,152.29
427470,253133,208882,253022,208850,111.78,771.21,0.00,64.69,1,-22.50,152.29
427510,253120,208877,253014,208850,81.00,815.38,0.00,64.69,1,-0.20,152.29
427550,253133,208877,253005,208850,77.08,839.48,0.00,64.69,1,19.12,152.29
427590,253116,208857,252997,208849,49.27,784.86,0.00,64.69,1,33.70,152.29
427630,253149,208870,252990,208849,67.45,790.27,0.00,64.69,1,44.88,152.29
427670,253114,208856,252984,208848,26.61,686.66,0.00,64.69,1,52.42,152.29
427710,252963,208834,252971,208846,-102.00,266.31,1000.00,64.00,1,50.32,241.96
427750,252764,208817,252953,208844,-246.81,-443.86,0.00,64.00,1,33.43,241.96
427790,252671,208801,252937,208842,-278.64,-1081.82,0.00,64.00,1,0.42,241.96
427830,252664,208799,252929,208842,-234.22,-1462.16,0.00,64.00,1,-43.12,241.96
427870,252699,208816,252928,208843,-163.36,-1571.75,0.00,64.00,1,-86.27,241.96
427910,252766,208825,252931,208844,-79.02,-1434.57,0.00,64.00,1,-117.50,241.96
427950,252798,208845,252935,208846,-38.55,-1220.73,0.00,64.00,1,-134.11,241.96
427990,252797,208832,252937,208846,-32.42,-1037.76,0.00,64.00,1,-139.20,241.96
428030,252806,208830,252936,208847,-19.20,-860.15,0.00,64.00,1,-136.61,241.96
428070,252846,208851,252936,208847,17.05,-625.91,0.00,64.00,1,-129.37,241.96
428110,252880,208848,252934,208847,41.86,-377.70,0.00,64.00,1,-118.66,241.96
428150,252950,208842,252935,208846,91.72,-52.47,0.00,64.00,1,-102.53,241.96
428190,253017,208860,252938,208847,130.16,302.68,0.00,64.00,1,-80.15,241.96
428230,253065,208860,252943,208847,146.09,621.78,0.00,64.00,1,-53.04,241.96
428270,253121,208868,252950,208848,165.72,922.49,0.00,64.00,1,-21.85,241.96
428310,253176,208880,252958,208849,180.98,1197.34,0.00,64.00,1,11.35,241.96
428350,253231,208897,252966,208851,193.50,1444.76,0.00,64.00,1,45.09,241.96
428390,253266,208877,252974,208851,187.38,1621.59,0.00,64.00,1,78.22,241.96
428430,253296,208860,252981,208850,178.25,1735.42,0.00,64.00,1,109.33,241.96
428470,253299,208853,252988,208849,148.62,1746.00,0.00,64.00,1,136.32,241.96
428510,253341,208858,252997,208848,156.31,1774.54,0.00,64.00,1,159.26,241.96
428550,253320,208866,253004,208848,110.95,1677.06,0.00,64.00,1,176.52,241.96
428590,253210,208850,253008,208847,0.78,1310.17,0.00,64.00,1,183.44,241.96
428630,253039,208826,253003,208846,-139.58,653.44,1000.00,64.26,1,175.25,322.64
428670,252884,208805,252994,208844,-241.55,-128.00,0.00,64.26,1,147.63,322.64
428710,252878,208802,252991,208842,-202.98,-635.72,0.00,64.26,1,106.37,322.64
428750,252876,208807,252995,208842,-168.09,-939.63,0.00,64.26,1,59.88,322.64
428790,252950,208820,253007,208843,-77.16,-936.60,0.00,64.26,1,20.26,322.64
428830,252983,208831,253019,208844,-36.20,-826.12,0.00,64.26,1,-5.82,322.64
428870,252981,208841,253031,208845,-31.33,-727.08,0.00,64.26,1,-21.14,322.64
428910,252994,208838,253040,208845,-15.03,-606.81,0.00,64.26,1,-27.52,322.64
428950,253016,208840,253048,208845,5.72,-458.21,0.00,64.26,1,-29.20,322.64
428990,253061,208852,253059,208846,41.59,-247.60,0.00,64.26,1,-26.82,322.64
429020,253114,208858,253071,208847,77.56,11.64,0.00,64.26,1,-19.13,322.64
429060,253173,208871,253084,208848,111.98,304.72,0.00,64.26,1,-5.64,322.64
429100,253224,208884,253098,208849,133.64,590.49,0.00,64.26,1,13.23,322.64
429140,253231,208882,253109,208851,115.33,765.05,0.00,64.26,1,34.31,322.64
429180,253248,208877,253119,208852,108.52,883.22,0.00,64.26,1,55.26,322.64
429220,253300,208892,253128,208853,131.62,1036.40,0.00,64.26,1,75.53,322.64
429260,253332,208907,253136,208854,134.17,1162.61,0.00,64.26,1,94.21,322.64
429300,253370,208913,253144,208856,141.19,1279.57,0.00,64.26,1,112.70,322.64
429340,253407,208920,253151,208857,146.11,1383.79,0.00,64.26,1,131.60,322.64
429380,253425,208921,253158,208858,134.56,1434.60,0.00,64.26,1,149.14,322.64
429420,253432,208936,253163,208862,116.08,1425.44,0.00,64.26,1,164.37,322.64
429460,253406,208920,253167,208864,73.86,1306.83,0.00,64.26,1,174.98,322.64
429500,253295,208912,253165,208866,-30.45,938.93,0.00,64.26,1,175.83,322.64
429540,253163,208878,253159,208867,-133.22,380.67,1000.00,63.58,1,163.09,205.03
429580,253024,208868,253152,208868,-223.22,-292.38,0.00,63.58,1,134.24,205.03
429620,252995,208866,253150,208869,-206.81,-774.04,0.00,63.58,1,93.53,205.03
429660,253016,208881,253155,208872,-152.36,-1005.98,0.00,63.58,1,49.92,205.03
429700,253077,208892,253163,208876,-74.92,-982.46,0.00,63.58,1,12.74,205.03
429740,253128,208904,253173,208880,-19.61,-818.09,0.00,63.58,1,-11.19,205.03
429780,253169,208917,253182,208884,17.55,-591.78,0.00,63.58,1,-21.87,205.03
429820,253160,208929,253189,208887,7.02,-443.07,0.00,63.58,1,-23.66,205.03
429860,253163,208932,253196,208891,8.22,-323.90,0.00,63.58,1,-21.11,205.03
429900,253176,208944,253204,208895,17.41,-206.69,0.00,63.58,1,-16.89,205.03
429940,253188,208935,253211,208899,24.11,-97.57,0.00,63.58,1,-12.68,205.03
429980,253229,208938,253217,208903,53.39,64.85,0.00,63.58,1,-6.46,205.03
430020,253262,208951,253223,208906,70.84,237.61,0.00,63.58,1,2.42,205.03
430060,253290,208961,253228,208910,81.05,399.30,0.00,63.58,1,13.80,205.03
430100,253328,208967,253232,208913,97.62,569.18,0.00,63.58,1,27.98,205.03
430140,253363,208982,253237,208917,108.75,731.06,0.00,63.58,1,43.83,205.03
430180,253368,208984,253242,208922,93.28,816.49,0.00,63.58,1,59.54,205.03
430220,253381,208994,253245,208926,87.16,866.96,0.00,63.58,1,74.31,205.03
430260,253391,208987,253248,208929,79.67,886.56,0.00,63.58,1,86.98,205.03
430300,253370,208978,253248,208931,48.11,818.53,0.00,63.58,1,95.58,205.03
430340,253372,208977,253246,208934,41.09,746.94,0.00,63.58,1,100.86,205.03
430380,253294,208964,253241,208935,-30.27,502.71,1000.00,65.40,1,99.79,124.52
430420,253160,208941,253230,208936,-134.70,36.50,0.00,65.40,1,87.98,124.52
430460,252980,208926,253213,208936,-258.06,-652.82,0.00,65.40,1,61.66,124.52
430500,252873,208916,253196,208936,-299.34,-1299.46,0.00,65.40,1,20.25,124.52
430540,252856,208920,253184,208938,-259.41,-1698.42,0.00,65.40,1,-29.41,124.52
430580,252845,208922,253177,208940,-221.73,-1910.14,0.00,65.40,1,-79.49,124.52
430620,252910,208940,253173,208943,-128.52,-1829.19,0.00,65.40,1,-119.02,124.52
430660,252930,208947,253170,208945,-88.98,-1661.69,0.00,65.40,1,-144.77,124.52
430700,252947,208946,253165,208948,-59.03,-1451.96,0.00,65.40,1,-158.35,124.52
430740,252949,208948,253158,208949,-46.77,-1255.99,0.00,65.40,1,-162.00,124.52
430780,252973,208958,253150,208951,-18.67,-1028.97,0.00,65.40,1,-159.82,124.52
430820,253018,208965,253144,208952,21.59,-745.59,0.00,65.40,1,-152.23,124.52
430860,253079,208968,253141,208954,67.73,-402.74,0.00,65.40,1,-138.84,124.52
430900,253156,208973,253140,208955,118.69,-0.80,0.00,65.40,1,-118.18,124.52
430940,253216,208989,253141,208957,146.53,386.22,0.00,65.40,1,-90.82,124.52
430980,253283,208983,253143,208959,175.09,763.50,0.00,65.40,1,-57.91,124.52
431020,253315,208981,253145,208960,169.81,1043.83,0.00,65.40,1,-22.48,124.52
431060,253318,208978,253147,208961,141.70,1188.29,0.00,65.40,1,11.29,124.52
431100,253320,208975,253146,208961,117.84,1237.97,0.00,65.40,1,40.90,124.52
431140,253280,208969,253143,208961,63.83,1134.12,0.00,65.40,1,62.52,124.52
431180,253234,208945,253138,208959,14.62,923.23,0.00,65.40,1,74.59,124.52
431220,253197,208939,253130,208957,-18.34,671.69,0.00,65.40,1,77.60,124.52
431260,253081,208915,253118,208954,-110.16,233.10,1000.00,66.48,1,68.86,239.60
431300,252873,208879,253098,208950,-260.89,-506.93,0.00,66.48,1,44.43,239.60
431340,252743,208863,253073,208946,-320.53,-1241.61,0.00,66.48,1,5.03,239.60
431380,252725,208863,253050,208941,-277.59,-1701.30,0.00,66.48,1,-44.31,239.60
431420,252740,208859,253033,208938,-215.33,-1895.48,0.00,66.48,1,-95.00,239.60
431460,252792,208879,253026,208936,-133.92,-1832.03,0.00,66.48,1,-135.24,239.60
431500,252842,208886,253024,208935,-68.81,-1610.65,0.00,66.48,1,-159.54,239.60
431540,252882,208889,253025,208934,-23.62,-1318.68,0.00,66.48,1,-169.08,239.60
431580,252886,208897,253027,208933,-16.09,-1071.05,0.00,66.48,1,-167.80,239.60
431620,252922,208901,253028,208931,16.33,-792.32,0.00,66.48,1,-159.04,239.60
431660,252955,208894,253029,208929,40.45,-511.21,0.00,66.48,1,-145.46,239.60
431700,252985,208902,253030,208927,57.77,-246.24,0.00,66.48,1,-128.85,239.60
431740,253036,208899,253034,208925,89.19,43.39,0.00,66.48,1,-108.26,239.60
431780,253046,208903,253036,208923,81.33,248.55,0.00,66.48,1,-86.04,239.60
431820,253098,208900,253040,208921,109.33,482.49,0.00,66.48,1,-62.11,239.60
431860,253124,208902,253041,208918,110.97,669.30,0.00,66.48,1,-37.41,239.60
431900,253173,208910,253042,208916,131.17,868.35,0.00,66.48,1,-12.57,239.60
431940,253213,208916,253042,208913,140.36,1047.86,0.00,66.48,1,13.27,239.60
431980,253180,208898,253038,208909,88.03,1049.73,0.00,66.48,1,35.96,239.60
432020,253184,208909,253033,208906,75.47,1018.03,0.00,66.48,1,55.05,239.60
432060,253181,208909,253027,208904,59.42,950.94,0.00,66.48,1,68.99,239.60
432100,253114,208889,253019,208900,-6.22,725.31,0.00,66.48,1,74.41,239.60
432140,252929,208859,253005,208896,-156.80,151.80,1000.00,67.99,1,67.04,243.49
432180,252794,208842,252987,208892,-239.27,-513.26,0.00,67.99,1,44.36,243.49
432220,252812,208849,252972,208888,-181.44,-879.34,0.00,67.99,1,11.34,243.49
432260,252840,208849,252962,208885,-125.81,-1018.03,0.00,67.99,1,-25.07,243.49
432300,252881,208861,252963,208885,-69.55,-977.66,0.00,67.99,1,-54.17,243.49
432340,252940,208873,252970,208885,-8.64,-785.39,0.00,67.99,1,-69.30,243.49
432380,252985,208899,252981,208886,29.81,-533.90,0.00,67.99,1,-72.55,243.49
432420,252990,208898,252991,208888,28.55,-341.08,0.00,67.99,1,-67.75,243.49
432460,253024,208897,253000,208889,51.28,-130.66,0.00,67.99,1,-57.24,243.49
432500,253076,208902,253010,208889,84.69,121.66,0.00,67.99,1,-42.85,243.49
432540,253114,208913,253019,208890,100.61,360.51,0.00,67.99,1,-26.04,243.49
432580,253172,208897,253030,208890,130.06,624.56,0.00,67.99,1,-5.44,243.49
432620,253208,208919,253042,208891,136.17,846.65,0.00,67.99,1,17.79,243.49
432660,253253,208936,253054,208893,148.56,1052.59,0.00,67.99,1,42.38,243.49
432700,253288,208948,253066,208895,150.52,1218.38,0.00,67.99,1,67.53,243.49
432740,253320,208945,253077,208896,149.66,1345.43,0.00,67.99,1,91.66,243.49
432780,253345,208924,253089,208897,143.22,1427.53,0.00,67.99,1,114.21,243.49
432820,253397,208951,253101,208899,160.08,1536.08,0.00,67.99,1,135.54,243.49
432860,253411,208945,253112,208901,142.75,1575.00,0.00,67.99,1,154.78,243.49
432900,253435,208960,253123,208903,136.73,1589.48,0.00,67.99,1,171.82,243.49
432940,253388,208950,253130,208904,73.58,1434.04,0.00,67.99,1,183.98,243.49
432980,253276,208928,253134,208906,-31.50,1035.39,0.00,67.99,1,185.49,243.49
433020,253108,208911,253131,208906,-163.59,375.72,1000.00,69.46,1,171.42,258.05
433060,252996,208889,253123,208905,-225.98,-303.54,0.00,69.46,1,140.16,258.05
433100,252970,208903,253118,208905,-206.62,-782.25,0.00,69.46,1,97.26,258.05
433140,252993,208900,253120,208907,-150.58,-1007.68,0.00,69.46,1,51.77,258.05
433180,253049,208926,253130,208910,-77.55,-990.71,0.00,69.46,1,14.27,258.05
433220,253080,208928,253141,208914,-38.17,-873.53,0.00,69.46,1,-10.75,258.05
433260,253104,208950,253152,208918,-11.62,-712.04,0.00,69.46,1,-23.92,258.05
433300,253125,208957,253161,208921,7.69,-535.10,0.00,69.46,1,-28.05,258.05
433340,253133,208962,253169,208925,12.86,-383.43,0.00,69.46,1,-27.28,258.05
433380,253172,208970,253177,208928,42.53,-186.79,0.00,69.46,1,-22.50,258.05
433410,253204,208982,253185,208931,61.11,15.63,0.00,69.46,1,-14.43,258.05
433450,253250,208986,253194,208935,87.83,244.06,0.00,69.46,1,-2.96,258.05
433490,253277,208998,253202,208939,94.16,438.94,0.00,69.46,1,11.70,258.05
433530,253329,209008,253211,208942,119.84,658.76,0.00,69.46,1,29.09,258.05
433570,253374,209006,253219,208947,135.17,870.69,0.00,69.46,1,48.83,258.05
433610,253403,209011,253227,208950,134.62,1034.54,0.00,69.46,1,69.35,258.05
433650,253435,209020,253234,208954,136.62,1167.64,0.00,69.46,1,90.38,258.05
433690,253452,209028,253241,208957,125.97,1243.31,0.00,69.46,1,110.03,258.05
433730,253445,209018,253246,208960,97.55,1227.31,0.00,69.46,1,126.21,258.05
433770,253444,209027,253250,208964,79.17,1166.31,0.00,69.46,1,138.30,258.05
433810,253419,209014,253250,208967,44.42,1027.00,0.00,69.46,1,144.76,258.05
433850,253320,208997,253247,208969,-44.75,682.92,1000.00,69.06,1,142.09,172.81
433890,253166,208978,253236,208969,-162.97,102.44,0.00,69.06,1,126.48,172.81
433930,253022,208958,253221,208970,-251.72,-584.63,0.00,69.06,1,95.41,172.81
433970,252971,208947,253209,208970,-248.23,-1111.35,0.00,69.06,1,52.05,172.81
434010,252975,208969,253204,208973,-200.27,-1395.56,0.00,69.06,1,4.31,172.81
434050,253040,208979,253206,208976,-110.92,-1381.37,0.00,69.06,1,-36.99,172.81
434090,253086,209001,253210,208980,-53.23,-1218.01,0.00,69.06,1,-64.96,172.81
434130,253108,209003,253215,208984,-25.61,-1017.65,0.00,69.06,1,-79.45,172.81
434170,253068,208994,253216,208987,-53.80,-935.79,0.00,69.06,1,-85.39,172.81
434210,253060,208978,253215,208989,-50.67,-863.69,0.00,69.06,1,-87.82,172.81
434250,253053,208993,253213,208991,-47.30,-798.54,0.00,69.06,1,-89.75,172.81
434290,253055,208991,253210,208992,-37.14,-720.92,0.00,69.06,1,-92.10,172.81
434330,253080,209000,253208,208994,-9.95,-588.59,0.00,69.06,1,-92.06,172.81
434370,253109,209001,253205,208995,15.62,-417.85,0.00,69.06,1,-88.67,172.81
434410,253109,208999,253202,208996,12.81,-292.10,0.00,69.06,1,-82.52,172.81
434450,253130,209007,253197,208997,27.72,-154.66,0.00,69.06,1,-73.59,172.81
434490,253141,209020,253191,208997,31.75,-36.81,0.00,69.06,1,-63.26,172.81
434530,253160,209016,253185,208998,41.61,81.13,0.00,69.06,1,-52.45,172.81
434570,253191,209027,253177,208999,59.55,220.49,0.00,69.06,1,-40.14,172.81
434610,253175,209011,253168,208999,35.70,266.24,0.00,69.06,1,-28.42,172.81
434650,253186,209023,253158,208999,38.30,308.77,0.00,69.06,1,-17.30,172.81
434690,253136,209002,253145,208998,-9.59,215.51,0.00,69.06,1,-9.66,172.81
434730,253025,208980,253129,208996,-98.89,-92.97,1000.00,68.38,1,-10.63,82.44
434770,252853,208950,253105,208993,-222.12,-658.93,0.00,68.38,1,-24.54,82.44
434810,252751,208933,253078,208990,-265.78,-1215.63,0.00,68.38,1,-52.69,82.44
434850,252736,208926,253055,208987,-230.23,-1556.01,0.00,68.38,1,-89.73,82.44
434890,252768,208942,253039,208986,-162.55,-1642.81,0.00,68.38,1,-127.02,82.44
434930,252816,208946,253031,208985,-93.92,-1529.35,0.00,68.38,1,-154.85,82.44
434970,252847,208957,253026,208985,-51.59,-1329.10,0.00,68.38,1,-169.65,82.44
435010,252862,208962,253021,208985,-30.00,-1115.90,0.00,68.38,1,-173.15,82.44
435050,252852,208947,253014,208984,-32.80,-956.98,0.00,68.38,1,-169.81,82.44
435090,252857,208944,253005,208982,-22.80,-806.63,0.00,68.38,1,-163.16,82.44
435130,252845,208948,252994,208979,-28.53,-704.49,0.00,68.38,1,-155.87,82.44
435170,252869,208946,252986,208977,-3.72,-559.32,0.00,68.38,1,-147.84,82.44
435210,252877,208952,252979,208976,3.52,-426.99,0.00,68.38,1,-138.61,82.44
435250,252897,208959,252973,208975,19.28,-282.15,0.00,68.38,1,-128.00,82.44
435290,252919,208964,252967,208974,33.84,-130.73,0.00,68.38,1,-115.09,82.44
435330,252981,208967,252963,208973,78.59,105.52,0.00,68.38,1,-99.05,82.44
435370,253008,208969,252959,208971,86.59,310.91,0.00,68.38,1,-80.11,82.44
435410,253050,208977,252957,208971,105.45,520.91,0.00,68.38,1,-58.32,82.44
435450,253059,208967,252954,208969,93.84,654.06,0.00,68.38,1,-35.26,82.44
435490,253049,208966,252950,208967,68.75,691.66,0.00,68.38,1,-14.53,82.44
435530,253049,208972,252946,208965,56.38,688.33,0.00,68.38,1,3.01,82.44
435570,252989,208948,252938,208962,-2.97,529.06,0.00,68.38,1,13.68,82.44
435610,252848,208930,252925,208959,-118.05,101.02,1000.00,69.16,1,12.79,186.82
435650,252730,208903,252906,208954,-193.56,-432.21,0.00,69.16,1,-1.27,186.82
435690,252740,208912,252891,208950,-150.52,-734.48,0.00,69.16,1,-24.65,186.82
435730,252752,208925,252880,208948,-113.58,-872.74,0.00,69.16,1,-51.74,186.82
435770,252820,208926,252878,208947,-37.38,-779.41,0.00,69.16,1,-72.59,186.82
435810,252858,208940,252883,208947,0.52,-606.58,0.00,69.16,1,-81.98,186.82
435850,252867,208944,252888,208948,7.80,-452.55,0.00,69.16,1,-82.63,186.82
435890,252870,208936,252892,208948,8.86,-329.60,0.00,69.16,1,-77.04,186.82
435930,252886,208939,252895,208948,20.39,-203.26,0.00,69.16,1,-68.98,186.82
435970,252920,208945,252898,208947,44.59,-40.81,0.00,69.16,1,-59.34,186.82
436010,252977,208959,252902,208947,83.31,188.11,0.00,69.16,1,-46.66,186.82
436050,253023,208972,252909,208948,106.03,426.65,0.00,69.16,1,-30.09,186.82
436090,253071,208975,252918,208949,126.31,666.25,0.00,69.16,1,-9.49,186.82
436130,253109,208982,252928,208951,134.73,875.38,0.00,69.16,1,14.00,186.82
436170,253170,208996,252940,208953,160.50,1106.51,0.00,69.16,1,39.52,186.82
436210,253221,209001,252954,208954,173.44,1320.95,0.00,69.16,1,66.40,186.82
436250,253255,209010,252968,208957,170.09,1479.39,0.00,69.16,1,93.34,186.82
436290,253286,209003,252983,208958,164.89,1589.24,0.00,69.16,1,119.64,186.82
436330,253252,209001,252994,208959,107.33,1522.95,0.00,69.16,1,141.16,186.82
436370,253295,209015,253005,208961,123.27,1513.32,0.00,69.16,1,158.42,186.82
436410,253215,208994,253012,208962,35.48,1274.07,0.00,69.16,1,167.51,186.82
436450,253085,208974,253013,208962,-77.50,789.18,1000.00,69.57,1,163.63,250.14
436490,252963,208961,253010,208962,-163.59,183.67,0.00,69.57,1,146.39,250.14
436530,252909,208961,253004,208962,-178.42,-327.77,0.00,69.57,1,115.29,250.14
436570,252913,208962,253001,208962,-143.03,-633.26,0.00,69.57,1,77.66,250.14
436610,252954,208965,253005,208964,-83.67,-714.84,0.00,69.57,1,42.73,250.14
436650,253021,208973,253017,208966,-13.67,-593.67,0.00,69.57,1,18.17,250.14
436690,253080,208985,253030,208969,37.17,-364.93,0.00,69.57,1,6.46,250.14
436730,253104,209007,253044,208973,50.16,-152.23,0.00,69.57,1,5.44,250.14
436770,253132,209020,253057,208976,64.09,50.47,0.00,69.57,1,11.96,250.14
436810,253152,209020,253069,208980,68.95,221.40,0.00,69.57,1,22.13,250.14
436850,253179,209023,253081,208983,78.69,380.43,0.00,69.57,1,33.58,250.14
436890,253218,209031,253095,208986,96.50,551.49,0.00,69.57,1,46.46,250.14
436930,253269,209028,253110,208990,120.95,749.48,0.00,69.57,1,61.18,250.14
436970,253306,209042,253126,208994,129.52,926.52,0.00,69.57,1,77.78,250.14
437010,253343,209053,253141,208998,136.55,1083.17,0.00,69.57,1,95.97,250.14
437050,253356,209047,253154,209001,122.62,1168.60,0.00,69.57,1,114.03,250.14
437090,253369,209060,253166,209004,111.22,1205.13,0.00,69.57,1,130.14,250.14
437130,253380,209045,253177,209007,100.22,1204.58,0.00,69.57,1,143.49,250.14
437170,253383,209035,253185,209008,84.64,1163.02,0.00,69.57,1,153.15,250.14
437210,253357,209023,253191,209009,48.08,1034.08,0.00,69.57,1,158.28,250.14
437250,253416,209061,253197,209011,87.80,1038.37,0.00,69.57,1,161.81,250.14
437290,253320,209048,253198,209013,-6.72,792.19,1000.00,69.87,1,159.66,156.37
437330,253198,209037,253196,209014,-105.55,339.26,0.00,69.87,1,148.08,156.37
437370,253072,209016,253187,209014,-189.88,-236.64,0.00,69.87,1,125.42,156.37
437410,253000,209027,253179,209016,-214.73,-751.48,0.00,69.87,1,89.29,156.37
437450,253011,209022,253176,209018,-167.06,-1027.20,0.00,69.87,1,47.95,156.37
437490,253048,209034,253179,209021,-106.66,-1082.79,0.00,69.87,1,9.87,156.37
437530,253135,209046,253188,209024,-16.12,-887.15,0.00,69.87,1,-16.39,156.37
437570,253164,209064,253198,209028,10.56,-664.09,0.00,69.87,1,-29.18,156.37
437610,253128,209064,253205,209032,-20.86,-573.06,0.00,69.87,1,-33.56,156.37
437650,253122,209057,253209,209035,-22.03,-505.15,0.00,69.87,1,-33.33,156.37
437690,253124,209049,253211,209038,-16.42,-437.37,0.00,69.87,1,-33.12,156.37
437730,253133,209060,253212,209040,-6.08,-357.19,0.00,69.87,1,-33.77,0.44
437760,253171,209072,253214,209042,26.17,-209.52,0.00,69.87,1,-32.00,0.44
437800,253179,209055,253215,209043,28.02,-89.46,0.00,69.87,1,-27.84,0.44
437840,253146,209046,253213,209044,-4.09,-80.59,0.00,69.87,1,-23.39,0.44
437880,253137,209045,253210,209045,-10.73,-91.20,0.00,69.87,1,-19.52,0.44
437920,253159,209061,253206,209046,9.23,-46.76,0.00,69.87,1,-16.83,0.44
437960,253162,209042,253200,209046,10.03,-9.99,0.00,69.87,1,-15.25,0.44
438000,253181,209059,253194,209047,23.81,55.08,0.00,69.87,1,-12.40,0.44
438040,253197,209063,253187,209047,32.64,129.13,0.00,69.87,1,-7.58,0.44
438080,253149,209057,253178,209047,-12.59,67.47,0.00,69.87,1,-4.25,0.44
438120,253177,209070,253170,209048,12.64,86.00,0.00,69.87,1,-1.06,0.44
438160,253076,209044,253158,209048,-72.45,-124.20,1000.00,69.87,1,-2.98,32.72
438200,252931,209026,253141,209049,-178.31,-567.62,0.00,69.87,1,-15.40,32.72
438240,252776,209011,253115,209047,-273.31,-1164.29,0.00,69.87,1,-39.99,32.72
438280,252747,209016,253092,209045,-247.89,-1562.57,0.00,69.87,1,-75.76,32.72
438320,252745,209016,253074,209044,-204.91,-1759.76,0.00,69.87,1,-115.37,32.72
438360,252791,209038,253063,209045,-130.30,-1716.60,0.00,69.87,1,-149.38,32.72
438400,252863,209048,253058,209046,-47.80,-1465.13,0.00,69.87,1,-169.28,32.72
438440,252927,209060,253054,209048,13.28,-1107.74,0.00,69.87,1,-174.41,32.72
438480,252925,209051,253049,209048,9.25,-839.62,0.00,69.87,1,-168.31,32.72
438520,252968,209060,253043,209049,42.84,-541.79,0.00,69.87,1,-153.96,32.72
438560,252990,209075,253036,209049,53.17,-282.22,0.00,69.87,1,-135.66,32.72
438600,253041,209078,253032,209050,85.42,5.38,0.00,69.87,1,-115.18,32.72
438640,253090,209080,253031,209051,110.22,295.17,0.00,69.87,1,-91.24,32.72
438680,253153,209083,253032,209052,142.05,605.24,0.00,69.87,1,-64.21,32.72
438720,253224,209095,253036,209054,174.70,933.30,0.00,69.87,1,-33.20,32.72
438760,253281,209110,253040,209055,190.00,1229.58,0.00,69.87,1,0.60,32.72
438800,253299,209113,253045,209057,170.56,1409.35,0.00,69.87,1,34.75,32.72
438840,253304,209092,253051,209059,143.97,1479.37,0.00,69.87,1,66.26,32.72
438880,253295,209097,253058,209061,110.67,1446.09,0.00,69.87,1,92.02,32.72
438920,253233,209073,253061,209062,39.91,1233.30,0.00,69.87,1,108.14,32.72
438960,253250,209094,253064,209064,46.66,1085.15,0.00,69.87,1,116.71,32.72
439000,253184,209068,253064,209064,-15.86,804.54,1000.00,70.38,1,116.53,291.12
439040,253045,209049,253058,209064,-126.98,292.31,0.00,70.38,1,104.37,291.12
439080,252905,209015,253048,209062,-218.92,-349.95,0.00,70.38,1,80.12,291.12
439120,252874,209030,253036,209060,-204.94,-814.00,0.00,70.38,1,45.10,291.12
439160,252909,209032,253030,209060,-139.34,-1002.79,0.00,70.38,1,6.64,291.12
439200,252991,209048,253032,209061,-47.02,-906.30,0.00,70.38,1,-24.70,291.12
439240,253069,209062,253044,209063,25.41,-639.84,0.00,70.38,1,-41.20,291.12
439280,253121,209065,253059,209065,63.47,-331.52,0.00,70.38,1,-42.83,291.12
439320,253160,209064,253075,209067,84.03,-36.74,0.00,70.38,1,-33.05,291.12
439360,253165,209057,253090,209067,73.00,164.06,0.00,70.38,1,-17.99,291.12
439400,253214,209070,253104,209068,100.05,392.09,0.00,70.38,1,-0.37,291.12
439440,253233,209070,253116,209069,97.62,563.56,0.00,70.38,1,17.57,291.12
439480,253272,209065,253130,209069,112.03,735.34,0.00,70.38,1,35.48,291.12
439520,253298,209074,253144,209070,113.19,872.38,0.00,70.38,1,54.00,291.12
439560,253335,209076,253157,209070,123.16,1005.59,0.00,70.38,1,72.19,291.12
439600,253383,209087,253171,209070,140.34,1154.87,0.00,70.38,1,91.09,291.12
439640,253395,209092,253183,209071,124.92,1230.59,0.00,70.38,1,109.13,291.12
439680,253437,209089,253195,209071,136.88,1321.21,0.00,70.38,1,126.92,291.12
439720,253446,209091,253203,209071,119.62,1346.35,0.00,70.38,1,143.11,291.12
439760,253412,209073,253209,209069,70.22,1235.53,0.00,70.38,1,154.46,291.12
439800,253461,209083,253215,209068,97.77,1221.82,0.00,70.38,1,163.54,291.12
439840,253399,209067,253219,209067,29.33,1030.44,0.00,70.38,1,166.45,291.12
439880,253270,209044,253218,209065,-81.73,587.97,1000.00,69.97,1,158.97,209.28
439920,253108,209022,253213,209063,-199.86,-69.01,0.00,69.97,1,138.45,209.28
439960,253047,208998,253205,209059,-213.91,-618.54,0.00,69.97,1,103.83,209.28
440000,253021,208999,253198,209056,-196.72,-1001.80,0.00,69.97,1,60.57,209.28
440040,253041,208995,253198,209054,-144.91,-1163.96,0.00,69.97,1,17.58,209.28
440080,253085,209015,253205,209054,-82.75,-1126.35,0.00,69.97,1,-16.05,209.28
440120,253133,209026,253216,209054,-28.50,-953.79,0.00,69.97,1,-37.63,209.28
440160,253152,209028,253225,209054,-7.80,-764.54,0.00,69.97,1,-47.95,209.28
440200,253154,209032,253232,209053,-4.75,-608.88,0.00,69.97,1,-50.36,209.28
440240,253183,209042,253237,209052,19.89,-422.42,0.00,69.97,1,-47.40,209.28
440280,253188,209044,253239,209052,20.41,-275.61,0.00,69.97,1,-42.21,209.28
440320,253246,209053,253243,209051,64.30,-45.23,0.00,69.97,1,-33.79,209.28
440360,253270,209063,253247,209051,72.41,155.87,0.00,69.97,1,-22.15,209.28
440400,253305,209077,253250,209052,88.08,354.10,0.00,69.97,1,-8.00,209.28
440440,253348,209071,253255,209052,107.48,559.96,0.00,69.97,1,9.42,209.28
440480,253376,209071,253259,209052,111.09,730.06,0.00,69.97,1,27.80,209.28
440520,253401,209082,253263,209052,111.59,864.05,0.00,69.97,1,46.70,209.28
440560,253419,209090,253267,209053,106.27,954.50,0.00,69.97,1,65.00,209.28
440600,253439,209104,253269,209054,103.53,1017.83,0.00,69.97,1,81.63,209.28
440640,253464,209110,253272,209054,105.39,1072.14,0.00,69.97,1,96.65,209.28
440680,253437,209105,253272,209055,64.28,1005.97,0.00,69.97,1,108.08,209.28
440720,253466,209103,253273,209055,76.48,986.58,0.00,69.97,1,117.10,209.28
440760,253425,209103,253273,209057,29.09,846.34,0.00,69.97,1,121.63,209.28
440800,253286,209080,253266,209056,-90.12,422.21,1000.00,68.77,1,115.93,171.99
440840,253135,209053,253255,209056,-197.72,-192.65,0.00,68.77,1,97.46,171.99
440880,253036,209052,253246,209056,-243.31,-792.61,0.00,68.77,1,64.32,171.99
440920,253000,209062,253242,209058,-229.03,-1222.88,0.00,68.77,1,20.79,171.99
440960,253019,209059,253241,209060,-172.22,-1408.50,0.00,68.77,1,-23.39,171.99
441000,253065,209060,253242,209063,-103.50,-1371.87,0.00,68.77,1,-59.29,171.99
441040,253111,209061,253245,209065,-47.16,-1194.55,0.00,68.77,1,-82.41,171.99
441080,253137,209098,253247,209069,-17.34,-977.54,0.00,68.77,1,-92.99,171.99
441120,253136,209114,253247,209072,-15.05,-802.20,0.00,68.77,1,-94.79,171.99
441160,253152,209110,253247,209075,0.78,-623.66,0.00,68.77,1,-91.18,171.99
441200,253178,209120,253248,209079,21.95,-428.50,0.00,68.77,1,-84.38,171.99
441240,253190,209112,253249,209082,27.84,-260.72,0.00,68.77,1,-75.83,171.99
441280,253232,209101,253250,209084,57.27,-52.18,0.00,68.77,1,-64.32,171.99
441320,253254,209131,253251,209087,65.00,130.90,0.00,68.77,1,-50.48,171.99
441360,253276,209137,253251,209090,71.34,290.45,0.00,68.77,1,-35.26,171.99
441400,253306,209146,253251,209093,83.11,445.96,0.00,68.77,1,-18.47,171.99
441440,253316,209155,253250,209096,76.34,549.40,0.00,68.77,1,-2.06,171.99
441480,253323,209121,253248,209098,68.34,608.96,0.00,68.77,1,13.21,171.99
441520,253316,209132,253244,209100,50.30,607.77,0.00,68.77,1,26.19,171.99
441560,253348,209143,253241,209102,67.48,652.22,0.00,68.77,1,37.35,171.99
441600,253371,209153,253239,209104,74.20,704.63,0.00,68.77,1,47.50,171.99
441640,253334,209147,253233,209106,30.50,630.13,0.00,68.77,1,54.94,171.99
441680,253343,209144,253230,209107,32.39,577.01,0.00,68.77,1,60.87,171.99
441720,253225,209119,253220,209108,-70.20,264.73,1000.00,69.06,1,59.38,155.66
441760,253039,209096,253205,209108,-210.09,-348.16,0.00,69.06,1,43.65,155.66
441800,252882,209074,253188,209108,-301.02,-1066.24,0.00,69.06,1,12.45,155.66
441840,252817,209077,253176,209108,-300.12,-1624.00,0.00,69.06,1,-33.05,155.66
441880,252826,209078,253167,209110,-238.72,-1896.94,0.00,69.06,1,-83.41,155.66
441920,252858,209088,253162,209111,-169.52,-1927.13,0.00,69.06,1,-127.70,155.66
441960,252891,209106,253157,209112,-111.94,-1798.68,0.00,69.06,1,-158.90,155.66
442000,252932,209112,253151,209115,-58.17,-1556.54,0.00,69.06,1,-175.38,155.66
442040,252962,209109,253145,209116,-23.09,-1275.07,0.00,69.06,1,-179.66,155.66
442080,252961,209118,253138,209117,-19.75,-1046.70,0.00,69.06,1,-176.04,155.66
442110,253002,209128,253133,209118,17.42,-770.43,0.00,69.06,1,-166.18,155.66
442150,253021,209130,253128,209119,29.86,-522.11,0.00,69.06,1,-152.66,155.66
442190,253052,209129,253123,209119,49.91,-275.49,0.00,69.06,1,-136.54,155.66
442230,253069,209131,253118,209120,54.86,-70.05,0.00,69.06,1,-117.94,155.66
442270,253095,209129,253112,209121,66.30,120.38,0.00,69.06,1,-98.36,155.66
442310,253112,209158,253107,209122,68.30,274.20,0.00,69.06,1,-78.41,155.66
442350,253140,209151,253101,209122,78.97,422.35,0.00,69.06,1,-58.58,155.66
442390,253168,209146,253096,209122,87.72,561.01,0.00,69.06,1,-38.68,155.66
442430,253199,209167,253091,209123,97.34,694.58,0.00,69.06,1,-18.80,155.66
442470,253231,209171,253087,209125,106.06,821.78,0.00,69.06,1,1.39,155.66
442510,253227,209174,253084,209127,83.69,861.92,0.00,69.06,1,20.20,155.66
442550,253224,209167,253079,209128,66.16,846.95,0.00,69.06,1,36.43,155.66
442590,253209,209152,253072,209128,41.95,771.38,0.00,69.06,1,48.55,155.66
442630,253109,209133,253063,209127,-47.59,476.03,0.00,69.06,1,51.95,155.66
